Name	Terminal i	Terminal j	Length (km)	R1 Ohm	X1 Ohm	Irated kA	Nom Voltage	1/R1	1/X1	1/Length
lne_11_42404_1	11FMN_LOOP	42404NORTHWA	1	0.051984	0.0564604	151.919	38	19.2366882118	17.7115287883	1
lne_1201_3781_1	1201ARTANE	3781MCDERMOT	4.9	0.3146001	0.6654984	0.629837	110	3.1786385319	1.5026332144	0.2040816327
lne_12_25404_1	12BEDFORD	25404FRANCIS	1.4	0.07710962	0.114798	151.919	38	12.968550487	8.7109531525	0.7142857143
lne_12_25404_3	12BEDFORD	25404FRANCIS	1.52	0.0857736	0.1250504	151.919	38	11.6585989162	7.9967757	0.6578947368
lne_12_46504_1	12BEDFORD	46504RINGSEND	5.14	0.3078608	0.3052615	151.919	38	3.248221274	3.2758798604	0.1945525292
lne_12_46504_2	12BEDFORD	46504RINGSEND	3.96	0.2797027	0.2459132	151.919	38	3.5752246939	4.0664754881	0.2525252525
lne_1421_4511_1	1421BLACKROC	4511POT	5.2	0.2420002	0.4961003	0.624588	110	4.1322279899	2.0157214176	0.1923076923
lne_1421_4651_1	1421BLACKROC	4651RINGSEND	7.7	0.3630003	0.7259998	0.624588	110	2.7548186599	1.3774108478	0.1298701299
lne_1581_4491_1	1581CABRA	4491PELLETST	2.66	0.2904002	0.8712006	0.488123	110	3.4435237992	1.1478412664	0.3759398496
lne_1581_5521_1	1581CABRA	5521WOLFETO	4.7	0.3025	0.6413009	0.629837	110	3.305785124	1.5593304173	0.2127659574
lne_1691_51319_1	1691CENTRAL	51319TANEYT	3.38	0.2178001	0.4477013	0.524864	110	4.5913661197	2.2336321114	0.2958579882
lne_1691_5131_1	1691CENTRAL	5131TANEY	5.59	0.3509	0.6775975	0.524864	110	2.849814762	1.4758023753	0.1788908766
lne_1741_1801_1	1741CKM	1801COOKSTOW	17.96	2.0691	6.437205	0.582599	110	0.4833019187	0.1553469246	0.0556792873
lne_1741_4511_1	1741CKM	4511POT	3.2	0.1573002	0.3025002	0.624588	110	6.3572710016	3.3057829383	0.3125
lne_1741_51319_1	1741CKM	51319TANEYT	0.1	0.0242	0.0484	0.719064	110	41.3223140496	20.6611570248	10
lne_1801_2021_1	1801COOKSTOW	2021CITYWES	2.91	0.5202993	1.210001	0.561604	110	1.9219706811	0.826445598	0.3436426117
lne_2021_3081_1	2021CITYWES	3081INC	8.9	1.343099	3.642102	0.561604	110	0.7445467534	0.27456672	0.1123595506
lne_2051_3761_1	2051CDU	3761MCE	4.13	0.3388	1.2221	0.582599	110	2.9515938607	0.8182636445	0.2421307506
lne_2541_2551_1	2541FRNSTA	2551FRNSTB	1	0	0.0121	0.561604	110	999	82.6446280992	1
lne_2541_2941_1	2541FRNSTA	2941HAROLDS	2.28	0.2178	0.4840007	0.561604	110	4.5913682277	2.0661127143	0.4385964912
lne_2551_3081_1	2551FRNSTB	3081INC	5.6	0.5323998	1.1858	0.561604	110	1.8782877078	0.8433125316	0.1785714286
lne_2561_3781_1	2561FIN	3781MCDERMOT	7.9	0.3630003	0.8349036	0.624588	110	2.7548186599	1.1977430688	0.1265822785
lne_2571_2701_1	2571FIN	2701GLA	14.02	2.637807	5.832194	0.561604	110	0.3791027926	0.1714620604	0.0713266762
lne_2571_2761_1	2571FIN	2761GRA	13.2	0.6049995	1.391504	0.624588	110	1.652893928	0.7186468742	0.0757575758
lne_2571_3421_1	2571FIN	3421KLM	9.27	0.5807998	1.258402	0.629837	110	1.7217636783	0.7946586226	0.1078748652
lne_2571_3761_1	2571FIN	3761MCE	7.63	0.9559017	3.0492	0.629837	110	1.0461326724	0.3279548734	0.131061599
lne_2571_5031_1	2571FIN	5031SVN	32.22	4.7674	12.58401	0.561604	110	0.2097579393	0.0794659254	0.0310366232
lne_2701_5031_1	2701GLA	5031SVN	18	2.093292	6.679206	0.719064	110	0.477716439	0.1497183947	0.0555555556
lne_2761_3421_1	2761GRA	3421KLM	5.9	0.3751002	0.7986004	0.629837	110	2.6659543237	1.2521907076	0.1694915254
lne_2861_3081_1	2861GCA	3081INC	8.1	0.9558973	2.976596	0.582599	110	1.0461374878	0.3359542242	0.1234567901
lne_2861_3081_2	2861GCA	3081INC	7.77	0.9074972	2.8072	0.582599	110	1.1019317746	0.3562268453	0.1287001287
lne_2861_4281_1	2861GCA	4281NAN	1.82	0.121	0.2540993	0.629837	110	8.2644628099	3.9354693224	0.5494505495
lne_2861_4281_2	2861GCA	4281NAN	1.74	0.1089	0.3388006	0.629837	110	9.1827364555	2.9515886336	0.5747126437
lne_2941_4651_1	2941HAROLDS	4651RINGSEND	5.63	0.5444998	1.185802	0.561604	110	1.8365479657	0.8433111093	0.1776198934
lne_3081_3091_1	3081INC	3091INC	1	0	0.0121	1.31216	110	999	82.6446280992	1
lne_3081_3871_1	3081INC	3871MILLTOWN	8.4	0.5323995	1.137402	0.629837	110	1.8782887662	0.8791966253	0.119047619
lne_3081_51319_1	3081INC	51319TANEYT	16.9	2.129603	6.824406	0.582599	110	0.4695710891	0.1465328997	0.0591715976
lne_3751_4651_1	3751MISERYH	4651RINGSEND	3	0.2661999	0.5445	0.734809	110	3.7565754157	1.8365472911	0.3333333333
lne_3781_4211_1	3781MCDERMOT	4211NORTHQU	2	0.0968	0.2178	0.624588	110	10.3305785124	4.5913682277	0.5
lne_3781_5521_1	3781MCDERMOT	5521WOLFETO	1.4	0.09680006	0.1936004	0.629837	110	10.3305721091	5.1652785841	0.7142857143
lne_3861_3871_1	3861MILLTOWN	3871MILLTOWN	1	0	0.0121	0.561604	110	999	82.6446280992	1
lne_3861_4651_1	3861MILLTOWN	4651RINGSEND	4.9	0.3146001	0.5686989	0.524864	110	3.1786385319	1.7583997437	0.2040816327
lne_3861_4651_2	3861MILLTOWN	4651RINGSEND	5.55	0.3508999	0.7501991	0.629837	110	2.8498155742	1.3329794717	0.1801801802
lne_3871_5131_1	3871MILLTOWN	5131TANEY	5.55	0.3508999	0.6775995	0.524864	110	2.8498155742	1.4757980193	0.1801801802
lne_4211_4651_1	4211NORTHQU	4651RINGSEND	2.1	0.09679992	0.2298996	0.624588	110	10.3305870501	4.3497248364	0.4761904762
lne_4461_4651_3	4461PB	4651RINGSEND	1.4	0.02419998	0.2419998	1.41188	110	41.3223482003	4.13223482	0.7142857143
lne_4471_4651_4	4471PB	4651RINGSEND	1.4	0.02419998	0.2419998	1.41188	110	41.3223482003	4.13223482	0.7142857143
lne_4651_44681_1	4651RINGSEND	44681POOLBEG	1.2	0.06050004	0.1331004	0.236189	110	16.5289146916	7.5131254301	0.8333333333
lne_1181_4221_1	1181ARV	4221NAV	60.6	10.41811	25.02277	0.362156	110	0.0959867001	0.0399636012	0.0165016502
lne_1181_4961_1	1181ARV	4961SKL	18.58	3.533191	7.804492	0.451383	110	0.2830302692	0.1281313377	0.0538213132
lne_1181_4961_2	1181ARV	4961SKL	18	3.387996	7.489908	0.561604	110	0.2951597345	0.1335129884	0.0555555556
lne_1271_2181_1	1271BAL	2181DRY	20	1.5246	7.865	0.981495	110	0.6559097468	0.1271455817	0.05
lne_2041_4501_1	2041CDU	4501PLA	37	2.8193	14.54422	0.719064	110	0.3546979747	0.0687558357	0.027027027
lne_2101_3521_2	2101DDK	3521LOU	16.81	3.170198	7.042196	0.561604	110	0.3154377108	0.1420011599	0.0594883998
lne_2101_4061_1	2101DDK	4061MLN	7.5	1.4157	3.1218	0.561604	110	0.7063643427	0.3203280159	0.1333333333
lne_2181_2841_1	2181DRY	2841GOR	19.39	3.545306	8.094898	0.561604	110	0.2820630998	0.1235346017	0.0515729758
lne_2181_3521_1	2181DRY	3521LOU	31.9	6.001602	13.27369	0.561604	110	0.1666221785	0.0753370012	0.0313479624
lne_2181_4501_1	2181DRY	4501PLA	5.3	0.9922024	2.202198	0.561604	110	1.0078588804	0.4540917756	0.1886792453
lne_2522_3772_1	2522FLA	3772MCV	90	5.082003	37.75203	1.13108	220	0.1967728079	0.0264886418	0.0111111111
lne_2841_3821_1	2841GOR	3821MTH	27	5.081994	11.24091	0.561604	110	0.1967731564	0.0889607692	0.037037037
lne_2841_4221_1	2841GOR	4221NAV	5.33	0.9558982	2.262702	0.561604	110	1.0461365028	0.4419494922	0.1876172608
lne_2841_4221_2	2841GOR	4221NAV	6.3	1.076903	2.6499	0.561604	110	0.9285887401	0.377372731	0.1587301587
lne_2841_4221_3	2841GOR	4221NAV	6.5	0.8228025	2.625701	0.719064	110	1.2153584852	0.3808506757	0.1538461538
lne_2841_4501_1	2841GOR	4501PLA	19.73	3.654193	8.240096	0.561604	110	0.2736582332	0.1213578094	0.0506842372
lne_2842_3522_1	2842GOR	3522LOU	35	1.984398	14.71361	1.13108	220	0.503931167	0.0679642861	0.0285714286
lne_3321_4221_1	3321KUR	4221NAV	6.1	1.149502	2.540998	0.162708	110	0.8699419401	0.3935461578	0.1639344262
lne_3521_35261_1	3521LOU	35261LOU_CAP	1	0	0.0121	0.561604	110	999	82.6446280992	1
lne_3521_3561_1	3521LOU	3561LIS	40.4	7.598796	16.80688	0.561604	110	0.1315997955	0.0594994431	0.0247524752
lne_3521_3821_1	3521LOU	3821MTH	15.1	2.843496	6.292004	0.561604	110	0.3516797632	0.1589318761	0.0662251656
lne_3521_4061_1	3521LOU	4061MLN	13	2.456298	5.408702	0.561604	110	0.4071167261	0.1848872428	0.0769230769
lne_3521_4781_1	3521LOU	4781RRU	37.5	7.054313	15.609	0.561604	110	0.1417572484	0.0640656032	0.0266666667
lne_3522_3772_1	3522LOU	3772MCV	20	1.1616	8.4216	1.13108	220	0.8608815427	0.1187422818	0.05
lne_35231_90020_1	35231LOU	90020TAN	50	1.96625	15.88125	1.49061	275	0.5085823268	0.0629673357	0.02
lne_35232_90020_2	35232LOU	90020TAN	50	1.96625	15.88125	1.49061	275	0.5085823268	0.0629673357	0.02
lne_3561_35661_1	3561LIS	35661LISD_CAP	1	0	0.0121	0.561604	110	999	82.6446280992	1
lne_3561_4961_1	3561LIS	4961SKL	39.3	7.393116	16.35921	0.561604	110	0.1352609644	0.0611276461	0.0254452926
lne_3774_90140_1	3774MCV	90140TUR	82	2.310399	26.42524	2.16354	380	0.4328256721	0.0378426081	0.012195122
lne_4781_4961_1	4781RRU	4961SKL	14.5	2.734598	6.037901	0.561604	110	0.3656844626	0.1656204698	0.0689655172
lne_4961_49661_1	4961SKL	49661SHANK_CA	1	0	0.0121	0.561604	110	999	82.6446280992	1
lne_1122_1742_1	1122ARK	1742CKM	53.3	3.000801	22.36079	1.13108	220	0.3332443571	0.0447211391	0.0187617261
lne_1201_2561_1	1201ARTANE	2561FIN	9	0.5687001	1.222101	0.629837	110	1.7583960333	0.818262975	0.1111111111
lne_1271_2041_1	1271BAL	2041CDU	16.8	1.282599	6.606599	0.981495	110	0.7796669107	0.1513638106	0.0595238095
lne_1741_2481_1	1741CKM	2481FAS	7.49	1.331003	3.109698	0.561604	110	0.7513131075	0.3215746352	0.1335113485
lne_1741_2491_2	1741CKM	2491FAS	7.5	1.4157	3.1218	0.561604	110	0.7063643427	0.3203280159	0.1333333333
lne_1742_17431_2	1742CKM	17431CKMN_PST	1	0	0.0484	1.13108	220	999	20.6611570248	1
lne_1742_17462_1	1742CKM	17462CKM_SR	1	0	0.0484	1.13108	220	999	20.6611570248	1
lne_1742_2202_1	1742CKM	2202DSN	41.61	2.371599	17.47241	1.13108	220	0.4216564436	0.0572330892	0.0240326845
lne_1742_3122_1	1742CKM	3122ISH	11.7	0.1935999	2.226405	1.55622	220	5.1652919242	0.4491545788	0.0854700855
lne_1871_2051_1	1871COL	2051CDU	2.65	0.1088999	0.520301	0.734809	110	9.1827448877	1.9219644014	0.3773584906
lne_1871_2571_1	1871COL	2571FIN	4.91	0.3992999	1.512501	0.629837	110	2.5043832969	0.6611565877	0.2036659878
lne_2041_2051_1	2041CDU	2051CDU	1	0	0.0121	0.719064	110	999	82.6446280992	1
lne_2041_4621_1	2041CDU	4621RYB	18.27	2.105398	7.114795	0.582599	110	0.4749695782	0.1405521874	0.0547345375
lne_2042_2562_1	2042CDU	2562FIN	3.73	0.2420002	1.597201	1.13108	220	4.1322279899	0.6260952754	0.2680965147
lne_2042_2562_2	2042CDU	2562FIN	3.73	0.2420002	1.597201	1.13108	220	4.1322279899	0.6260952754	0.2680965147
lne_2042_2972_1	2042CDU	2972HN	4.5	0.09679995	0.8712	1.55622	220	10.3305838484	1.1478420569	0.2222222222
lne_2042_5462_1	2042CDU	5462WOO	18.43	1.064801	7.743991	1.13108	220	0.9391426191	0.1291323815	0.0542593597
lne_2042_5462_2	2042CDU	5462WOO	17.83	1.016399	7.502008	1.13108	220	0.9838655882	0.1332976451	0.0560852496
lne_2202_3842_1	2202DSN	3842MAY	36.29	2.081199	15.3428	1.13108	220	0.4804922547	0.0651771515	0.0275558005
lne_2202_3852_2	2202DSN	3852MAY	30.55	1.742401	12.82599	1.13108	220	0.5739206991	0.0779666911	0.0327332242
lne_2202_5202_1	2202DSN	5202TH	26.62	1.452001	10.6964	0.921136	220	0.6887047598	0.0934893983	0.03756574
lne_2261_3841_1	2261DER	3841MAY	42.96	3.279098	16.85531	0.472378	110	0.3049619133	0.0593284846	0.0232774674
lne_2481_2491_1	2481FAS	2491FAS	1	0	0.0121	0.561604	110	999	82.6446280992	1
lne_2561_2571_1	2561FIN	2571FIN	1	0	0.0121	52.4811	110	999	82.6446280992	1
lne_2561_4491_1	2561FIN	4491PELLETST	3.52	0.3993018	1.197902	0.488123	110	2.5043713802	0.8347928295	0.2840909091
lne_2562_2962_1	2562FIN	2962HN	1.4	0.04839996	0.2904006	1.49586	220	20.6611741001	3.4435190561	0.7142857143
lne_2562_4242_1	2562FIN	4242NW	11.9	0.2904004	1.742398	0.871274	220	3.4435214277	0.5739216872	0.0840336134
lne_2562_5022_1	2562FIN	5022SHL	13.4	0.242	2.565202	1.50111	220	4.132231405	0.3898328475	0.0746268657
lne_2721_27219_1	2721GRI	27219GRIT	1	0.1936	0.4235	0.561604	110	5.1652892562	2.3612750885	1
lne_2842_3842_1	2842GOR	3842MAY	44	2.5168	18.4888	1.13108	220	0.3973299428	0.0540867985	0.0227272727
lne_2861_27219_1	2861GCA	27219GRIT	8.87	1.088997	3.460604	0.582599	110	0.9182761752	0.2889668971	0.1127395716
lne_3082_3122_1	3082INC	3122ISH	11	0.1936	2.0812	1.55622	220	5.1652892562	0.4804920238	0.0909090909
lne_3082_3842_1	3082INC	3842MAY	19.1	1.1132	8.034396	1.13108	220	0.898311175	0.1244648633	0.0523560209
lne_3082_3852_2	3082INC	3852MAY	19.1	1.1132	8.034396	1.13108	220	0.898311175	0.1244648633	0.0523560209
lne_3082_4472_1	3082INC	4472PB	12.5	0.484	2.1296	0.700693	220	2.0661157025	0.4695717506	0.08
lne_3082_4472_2	3082INC	4472PB	11.3	0.2419997	1.548801	0.921136	220	4.1322365276	0.6456607401	0.0884955752
lne_3122_5122_1	3122ISH	5122SHL	1.1	0.0484	0.242	1.43813	220	20.6611570248	4.132231405	0.9090909091
lne_3241_3841_1	3241KTL	3841MAY	21.02	2.649907	8.494204	0.719064	110	0.3773717342	0.117727335	0.0475737393
lne_3522_5462_1	3522LOU	5462WOO	61.2	3.436398	25.65198	1.13108	220	0.291002381	0.0389833455	0.0163398693
lne_3774_5464_1	3774MCV	5464WOO	60	1.7328	18.6276	2.16354	380	0.5771006464	0.0536837811	0.0166666667
lne_3841_27219_1	3841MAY	27219GRIT	2.2	0.2662	0.8349	0.582599	110	3.7565740045	1.1977482333	0.4545454545
lne_3841_27281_1	3841MAY	27281GRIFFINR	2.2	0.363	1.0527	0.561604	110	2.7548209366	0.949938254	0.4545454545
lne_3841_3851_1	3841MAY	3851MAY	1	0	0.0121	5.24339	110	999	82.6446280992	1
lne_3842_3852_1	3842MAY	3852MAY	1	0	0.0484	1.13108	220	999	20.6611570248	1
lne_3842_5202_1	3842MAY	5202TH	53.1	2.8072	21.39282	0.921136	220	0.3562268453	0.0467446554	0.0188323917
lne_3851_4621_1	3851MAY	4621RYB	8.88	1.1253	3.630002	0.629837	110	0.888651915	0.2754819419	0.1126126126
lne_3851_4741_1	3851MAY	4741RNW	7.1	0.9921966	2.891901	0.561604	110	1.007864772	0.3457933034	0.1408450704
lne_3852_5462_1	3852MAY	5462WOO	22.5	1.3068	9.438007	1.13108	220	0.765228038	0.1059545728	0.0444444444
lne_4242_4462_1	4242NW	4462PB	4.5	0.1452001	0.629199	0.871274	220	6.8870475985	1.5893222971	0.2222222222
lne_4384_5464_1	4384OST	5464WOO	125	3.4656	40.14325	1.51478	380	0.2885503232	0.0249107882	0.008
lne_4462_4472_1	4462PB	4472PB	1	0	16.94	1.18094	220	999	0.0590318772	1
lne_4462_5022_1	4462PB	5022SHL	0.6	0	0.4840002	0.65608	220	999	2.0661148487	1.6666666667
lne_4472_17431_1	4472PB	17431CKMN_PST	14.5	0.5808004	2.371606	0.700693	220	1.7217618996	0.4216551991	0.0689655172
lne_5022_5122_1	5022SHL	5122SHL	1	0	0.0484	26.2406	220	999	20.6611570248	1
lne_5462_54600_1	5462WOO	54600EW-INT	1	0	0.0484	0.262432	220	999	20.6611570248	1
lne_1041_5481_1	1041AD	5481WHI	3.1	0.5928998	1.294699	0.561604	110	1.6866256322	0.7723802984	0.3225806452
lne_1042_3202_1	1042AD	3202KRA	25.6	1.452001	10.74481	1.13108	220	0.6887047598	0.0930681883	0.0390625
lne_1042_3202_2	1042AD	3202KRA	25.6	1.452001	10.74481	1.13108	220	0.6887047598	0.0930681883	0.0390625
lne_1042_4722_1	1042AD	4722RAF	15	0.5808	4.597995	1.13108	220	1.7217630854	0.2174860999	0.0666666667
lne_1281_2221_1	1281BLI	2221DMY	27.57	5.154598	11.41031	0.356907	110	0.1940015497	0.0876400378	0.0362713094
lne_1381_4721_1	1381BRY	4721RAF	1.7	0.3266992	0.7138997	0.377902	110	3.0609196472	1.4007569971	0.5882352941
lne_1381_4721_2	1381BRY	4721RAF	1.8	0.2541006	0.7381008	0.561604	110	3.9354491882	1.3548285004	0.5555555556
lne_1441_14461_1	1441BAN	14461BAN_CAP	1	0	0.0121	0.561604	110	999	82.6446280992	1
lne_1441_1501_1	1441BAN	1501BRI	2.6	0.4840004	1.089	0.356907	110	2.0661139949	0.9182736455	0.3846153846
lne_1441_1511_2	1441BAN	1511BRI	2.5	0.4719	1.0406	0.356907	110	2.1190930282	0.9609840477	0.4
lne_1441_2221_1	1441BAN	2221DMY	25.9	4.864201	10.76901	0.561604	110	0.2055836097	0.0928590465	0.0386100386
lne_1441_4721_1	1441BAN	4721RAF	26.89	4.997292	11.0594	0.561604	110	0.2001083787	0.0904208185	0.0371885459
lne_1531_3801_1	1531BDM	3801MID	5	0.7381001	1.6456	0.561604	110	1.3548297853	0.607681089	0.2
lne_1531_5481_1	1531BDM	5481WHI	20	3.1339	7.0785	0.561604	110	0.3190912282	0.1412728685	0.05
lne_1601_2221_1	1601CLA	2221DMY	35	4.41651	14.13279	0.719064	110	0.226423126	0.0707574371	0.0285714286
lne_1601_3881_1	1601CLA	3881MAC	5.66	0.4355998	2.226401	0.981495	110	2.2956851679	0.4491553858	0.1766784452
lne_1602_3202_1	1602CLA	3202KRA	45	2.565198	18.87601	1.13108	220	0.3898334554	0.0529772976	0.0222222222
lne_1621_3061_1	1621CRO	3061IA	2.74	0.5203013	1.149501	0.561604	110	1.9219632932	0.8699426969	0.3649635036
lne_1621_3221_1	1621CRO	3221KBY	14.33	2.698296	5.965307	0.561604	110	0.3706042628	0.1676359658	0.0697836706
lne_1681_3221_1	1681CD	3221KBY	33.6	6.328291	13.98761	0.561604	110	0.1580205461	0.0714918417	0.0297619048
lne_1681_3881_1	1681CD	3881MAC	1	0.1936	0.4235	0.561604	110	5.1652892562	2.3612750885	1
lne_1881_2881_1	1881CHA	2881GLE	30	5.65071	12.4872	0.561604	110	0.1769689119	0.080082004	0.0333333333
lne_1881_4021_1	1881CHA	4021MAL	22.5	4.234995	9.3654	0.377902	110	0.2361277876	0.1067760053	0.0444444444
lne_1921_1961_1	1921COW	1961CVW	17.22	2.964492	6.570308	0.561604	110	0.337325923	0.1521998664	0.0580720093
lne_1921_4341_1	1921COW	4341OLD	2.3	0.423499	0.9559007	0.162708	110	2.3612806642	1.0461337668	0.4347826087
lne_1921_4351_2	1921COW	4351OLD	2.2	0.3993	0.9196001	0.162708	110	2.5043826697	1.0874291988	0.4545454545
lne_1921_4721_1	1921COW	4721RAF	6.9	1.209998	2.855599	0.561604	110	0.826447647	0.3501892247	0.1449275362
lne_1921_5481_1	1921COW	5481WHI	17.79	3.291203	7.441504	0.561604	110	0.3038402675	0.1343814369	0.0562113547
lne_1961_2081_1	1961CVW	2081DKL	0.35	0.07260015	0.1573001	0.561604	110	13.7740762244	6.3572750431	2.8571428571
lne_1961_3201_1	1961CVW	3201KRA	7.59	1.415702	3.133903	0.561604	110	0.7063633448	0.3190909227	0.1317523057
lne_2002_3202_1	2002CUL	3202KRA	86	4.840003	36.05799	1.13108	220	0.2066114422	0.0277331044	0.011627907
lne_2141_3201_1	2141DGN	3201KRA	53.7	10.10349	22.34871	0.561604	110	0.0989757005	0.0447453119	0.0186219739
lne_2221_22261_1	2221DMY	22261DUNM_CAP	1	0	0.0121	0.561604	110	999	82.6446280992	1
lne_2221_3881_1	2221DMY	3881MAC	26.22	4.936806	10.96261	0.561604	110	0.2025601168	0.0912191531	0.0381388253
lne_28804_28814_1	28804GLENLARA	28814GLENLARA	14	1.764574	5.640264	0.714091	38	0.5667090187	0.1772966655	0.0714285714
lne_2981_3881_1	2981HTS	3881MAC	4.5	0.846999	1.875501	0.561604	110	1.1806389382	0.5331908647	0.2222222222
lne_3061_3881_1	3061IA	3881MAC	18.14	3.412206	7.598792	0.561604	110	0.2930655418	0.1315998648	0.0551267916
lne_3201_3221_1	3201KRA	3221KBY	11.9	1.633501	4.852106	0.561604	110	0.6121820556	0.2060960746	0.0840336134
lne_3201_3221_2	3201KRA	3221KBY	12.5	2.2022	5.1788	0.561604	110	0.4540913632	0.1930949255	0.08
lne_3201_3801_1	3201KRA	3801MID	10.7	2.020695	4.452805	0.561604	110	0.4948792371	0.2245775416	0.0934579439
lne_3202_32000_1	3202KRA	32000KRAGEN	1	0	0.0484	0.262432	220	999	20.6611570248	1
lne_3202_3282_1	3202KRA	3282KLN	82.4	6.388802	35.38042	0.936882	220	0.1565238679	0.0282642207	0.0121359223
lne_3202_4722_1	3202KRA	4722RAF	23.4	1.355199	9.825191	1.13108	220	0.7378990097	0.1017791919	0.0427350427
lne_3221_3961_1	3221KBY	3961MR	3.99	0.4961006	1.609299	0.582599	110	2.0157201987	0.6213885673	0.2506265664
lne_3221_3961_2	3221KBY	3961MR	3.99	0.4961006	1.609299	0.582599	110	2.0157201987	0.6213885673	0.2506265664
lne_3221_4021_1	3221KBY	4021MAL	29.13	5.457098	12.16049	0.377902	110	0.1832475796	0.0822335284	0.0343288706
lne_3601_3961_1	3601LIB	3961MR	2.7	0.1693999	0.3751002	0.356907	110	5.9031912061	2.6659543237	0.3703703704
lne_3611_3961_2	3611LIB	3961MR	2.74	0.1815001	0.3751005	0.356907	110	5.5096388377	2.6659521915	0.3649635036
lne_3961_39670_1	3961MR	39670MARINA	1	0	0.0121	0.981495	110	999	82.6446280992	1
lne_3961_5181_1	3961MR	5181RBG	3.3	0.4840011	0.6171	0.414642	110	2.0661110068	1.6204829039	0.303030303
lne_3961_5181_2	3961MR	5181RBG	2.9	0.2783	0.4113998	0.414642	110	3.5932447	2.4307255375	0.3448275862
lne_4721_47261_1	4721RAF	47261RAFF_CAP	1	0	0.0121	0.561604	110	999	82.6446280992	1
lne_4721_4761_1	4721RAF	4761RSY	2.1	0.3993003	0.8832999	0.356907	110	2.5043807881	1.1321183213	0.4761904762
lne_4721_5181_1	4721RAF	5181RBG	9.38	1.742401	3.859898	0.561604	110	0.5739206991	0.2590742035	0.1066098081
lne_4721_5181_2	4721RAF	5181RBG	9.23	1.718201	3.847802	0.561604	110	0.5820040845	0.2598886325	0.1083423619
lne_10204_10205_1	10204ARDNACRU	10205ARDNACRU	1	0	0.001444	1.6257	38	999	692.5207756233	1
lne_1021_2121_1	1021AA	2121DRU	18.38	3.448492	8.094901	0.561604	110	0.2899818239	0.1235345559	0.0544069641
lne_1021_2361_1	1021AA	2361ENN	33	6.2073	14.18119	0.561604	110	0.1611006396	0.070515944	0.0303030303
lne_1071_2231_1	1071AGL	2231DYN	8	1.512504	3.3396	0.561604	110	0.6611552763	0.2994370583	0.125
lne_1071_2361_1	1071AGL	2361ENN	38.2	7.187407	15.89941	0.561604	110	0.139132235	0.0628954156	0.0261780105
lne_1251_2361_1	1251BOL	2361ENN	24	4.513296	9.994608	0.561604	110	0.2215675639	0.1000539491	0.0416666667
lne_1251_52219_1	1251BOL	52219TBKT	19.6	3.690504	8.155403	0.561604	110	0.2709657001	0.1226180975	0.0510204082
lne_1641_2361_1	1641CSH	2361ENN	53.57	10.0793	22.3366	0.561604	110	0.099213239	0.044769571	0.0186671645
lne_1642_5172_1	1642CSH	5172TYN	33.8	1.936	14.1812	1.13108	220	0.5165289256	0.0705158943	0.0295857988
lne_2121_2361_1	2121DRU	2361ENN	17.44	3.267	7.272097	0.561604	110	0.3060912152	0.1375119171	0.0573394495
lne_3934_3944_1	3934MP	3944MP	1	0	0.1444	15.1919	380	999	6.9252077562	1
lne_3934_4384_1	3934MP	4384OST	105	2.888004	33.78963	1.51478	380	0.3462599082	0.0295948787	0.0095238095
lne_3941_52219_1	3941MP	52219TBKT	6.6	1.246298	2.746702	0.561604	110	0.8023763177	0.3640729864	0.1515151515
lne_4382_5172_1	4382OST	5172TYN	14.5	0.8227996	6.098395	1.13108	220	1.2153627688	0.1639775711	0.0689655172
lne_5221_52219_1	5221TBK	52219TBKT	2.9	0.5565999	1.209999	0.561604	110	1.7966226728	0.826446964	0.3448275862
lne_1071_4941_1	1071AGL	4941SH	46.2	8.687818	19.22692	0.561604	110	0.1151037004	0.0520104104	0.0216450216
lne_1101_2161_1	1101ANR	2161DOO	2	0.3751	0.8349	0.236189	110	2.6659557451	1.1977482333	0.5
lne_1141_4941_1	1141ATH	4941SH	21.64	2.71041	8.651499	0.488123	110	0.3689478714	0.1155869058	0.0462107209
lne_1141_4941_2	1141ATH	4941SH	25	3.1581	10.0914	0.719064	110	0.3166460847	0.0990942783	0.04
lne_1361_2001_1	1361BDN	2001CUL	21.8	4.10191	9.074991	0.561604	110	0.2437888691	0.1101929467	0.0458715596
lne_1361_2161_1	1361BDN	2161DOO	11.3	2.129598	4.706902	0.561604	110	0.4695721916	0.2124539665	0.0884955752
lne_1461_14619_1	1461BAR	14619BART	0.3	0.0605001	0.1209999	0.561604	110	16.5288982993	8.2644696401	3.3333333333
lne_1481_2001_1	1481BUT	2001CUL	11.55	2.177995	4.815796	0.561604	110	0.4591378768	0.2076499918	0.0865800866
lne_1481_3401_1	1481BUT	3401KTN	2.7	0.5081995	1.125301	0.561604	110	1.9677311764	0.8886511253	0.3703703704
lne_1721_14619_1	1721CAH	14619BART	44.2	7.998078	18.33151	0.561604	110	0.1250300385	0.0545508799	0.0226244344
lne_1721_17261_1	1721CAH	17261CAHR_CAP	1	0	0.0121	0.561604	110	999	82.6446280992	1
lne_1721_2161_1	1721CAH	2161DOO	16	3.012896	6.667104	0.561604	110	0.3319065776	0.1499901606	0.0625
lne_1721_5301_1	1721CAH	5301THU	39	4.912596	15.75421	0.719064	110	0.203558363	0.0634750965	0.0256410256
lne_1721_5381_1	1721CAH	5381TIP	27.02	5.082003	11.2651	0.561604	110	0.1967728079	0.0887697402	0.0370096225
lne_2001_2141_1	2001CUL	2141DGN	34.32	6.36461	14.06018	0.561604	110	0.157118818	0.0711228448	0.0291375291
lne_2001_5441_1	2001CUL	5441WAT	12.5	2.3353	5.1667	0.561604	110	0.4282105083	0.1935471384	0.08
lne_2161_21661_1	2161DOO	21661DOON_CAP	1	0	0.0121	0.561604	110	999	82.6446280992	1
lne_2241_22419_1	2241DAL	22419DALT	12.2	2.299005	5.081995	0.561604	110	0.4349707808	0.1967731176	0.0819672131
lne_2741_5441_1	2741GI	5441WAT	11.69	0.9558995	4.6585	0.629837	110	1.0461350801	0.2146613717	0.0855431993
lne_2741_5441_2	2741GI	5441WAT	12.92	0.9922004	5.130403	0.629837	110	1.007860912	0.1949164617	0.0773993808
lne_3101_31019_1	3101IKE	31019IKET	0.15	0	0.0726	0.488123	110	999	13.7741046832	6.6666666667
lne_3201_14619_1	3201KRA	14619BART	19.36	2.4442	7.8166	0.719064	110	0.4091318223	0.1279328608	0.0516528926
lne_3281_5381_1	3281KLN	5381TIP	41.02	7.7198	17.0852	0.561604	110	0.1295370346	0.0585301899	0.024378352
lne_3401_5441_1	3401KTN	5441WAT	3.4	0.5928988	1.403598	0.561604	110	1.6866284769	0.7124547057	0.2941176471
lne_3621_5301_1	3621LSN	5301THU	10.4	1.960202	4.331797	0.356907	110	0.5101515048	0.2308510764	0.0961538462
lne_3852_4942_1	3852MAY	4942SH	105.6	8.179596	45.3024	0.750555	220	0.1222554268	0.0220738857	0.009469697
lne_4481_22419_1	4481PLS	22419DALT	54.7	4.876297	21.64692	0.377902	110	0.205073645	0.0461959484	0.0182815356
lne_4941_22419_1	4941SH	22419DALT	12	2.2506	4.9731	0.377902	110	0.4443259575	0.2010818202	0.0833333333
lne_4941_31019_1	4941SH	31019IKET	53.7	6.775974	21.6832	0.488123	110	0.1475802593	0.0461186541	0.0186219739
lne_5301_31019_1	5301THU	31019IKET	25.9	3.267	10.4665	0.488123	110	0.3060912152	0.0955429227	0.0386100386
lne_5301_53061_1	5301THU	53061THUR_CAP	1	0	0.0121	0.561604	110	999	82.6446280992	1
lne_1121_1301_1	1121ARK	1301BEG	21.95	1.2342	9.522701	0.719064	110	0.810241452	0.1050122229	0.0455580866
lne_1121_1541_1	1121ARK	1541BOG	22.6	4.259196	9.40169	0.561604	110	0.2347860958	0.1063638559	0.0442477876
lne_1121_4901_1	1121ARK	4901SHE	2.2	0.4235	0.9317001	0.178454	110	2.3612750885	1.0733067432	0.4545454545
lne_1121_4911_2	1121ARK	4911SHE	2.2	0.4235	0.9196001	0.356907	110	2.3612750885	1.0874291988	0.4545454545
lne_1122_3642_1	1122ARK	3642LWD	45	2.2748	16.9884	1.13108	220	0.4395990856	0.0588636952	0.0222222222
lne_1221_1901_1	1221ATY	1901CLW	25	4.7069	10.406	0.561604	110	0.2124540568	0.0960984048	0.04
lne_1231_1841_1	1231BWR	1841CRA	21.89	1.3431	3.629997	0.356907	110	0.7445461991	0.2754823213	0.0456829603
lne_1301_2031_1	1301BEG	2031CLD	25	1.6093	8.833	0.719064	110	0.6213881812	0.1132118193	0.04
lne_1331_3641_1	1331BCD	3641LWD	7.5	1.4157	3.1218	0.561604	110	0.7063643427	0.3203280159	0.1333333333
lne_1541_1841_1	1541BOG	1841CRA	26.9	5.069897	11.1925	0.561604	110	0.1972426659	0.0893455439	0.0371747212
lne_1741_2031_1	1741CKM	2031CLD	25	1.452	8.7725	0.719064	110	0.6887052342	0.1139925905	0.04
lne_1841_3641_1	1841CRA	3641LWD	10	1.0164	3.2307	0.719064	110	0.9838646202	0.3095304423	0.1
lne_1841_5501_1	1841CRA	5501WEX	21.3	4.017201	8.869298	0.377902	110	0.2489295407	0.1127484949	0.0469483568
lne_1901_3341_1	1901CLW	3341KLS	5.4	1.016399	2.250601	0.561604	110	0.9838655882	0.4443257601	0.1851851852
lne_1901_3341_2	1901CLW	3341KLS	5.28	0.9922017	2.2506	0.561604	110	1.0078595915	0.4443259575	0.1893939394
lne_1901_50619_1	1901CLW	50619STRT	17.6	3.3154	7.3326	0.356907	110	0.3016227303	0.1363772741	0.0568181818
lne_2002_2742_1	2002CUL	2742GI	23	1.3068	9.68001	0.600969	220	0.765228038	0.1033056784	0.0434782609
lne_2202_3342_1	2202DSN	3342KLS	59.3	3.339598	24.8292	1.13108	220	0.2994372377	0.0402751599	0.0168634064
lne_2741_3441_1	2741GI	3441KMY	7	1.318898	2.916102	0.561604	110	0.758208747	0.3429235329	0.1428571429
lne_2741_5501_1	2741GI	5501WEX	34.5	6.497695	14.3627	0.561604	110	0.1539007294	0.069624792	0.0289855072
lne_2742_3342_1	2742GI	3342KLS	69.3	3.920398	29.0884	1.13108	220	0.2550761428	0.0343779651	0.0144300144
lne_2742_3642_1	2742GI	3642LWD	50	2.7588	20.2796	0.721688	220	0.362476439	0.0493106373	0.02
lne_3261_3341_1	3261KKY	3341KLS	34.3	6.4614	14.27799	0.561604	110	0.1547652212	0.0700378695	0.029154519
lne_3261_3441_1	3261KKY	3441KMY	47	8.845119	19.5536	0.561604	110	0.1130567039	0.0511414778	0.0212765957
lne_4441_50619_1	4441PA	50619STRT	22.4	4.222893	9.329107	0.356907	110	0.2368044845	0.1071913957	0.0446428571
lne_5061_50619_1	5061STR	50619STRT	2	0.3872	0.8349	0.561604	110	2.5826446281	1.1977482333	0.5
lne_5501_55061_1	5501WEX	55061WEXF_CAP	1	0	0.0121	0.561604	110	999	82.6446280992	1
lne_1021_3281_1	1021AA	3281KLN	9.5	0.7260004	3.738896	0.719064	110	1.3774097094	0.2674586295	0.1052631579
lne_1021_3541_1	1021AA	3541LIM	11.73	0.8591005	4.452802	0.981495	110	1.164008169	0.2245776929	0.0852514919
lne_1081_3281_1	1081AHA	3281KLN	3.77	0.4718985	1.488298	0.356907	110	2.119099764	0.6719084484	0.2652519894
lne_1131_5261_1	1131ATE	5261TRI	11	0.847	4.3318	0.981495	110	1.1806375443	0.2308509165	0.0909090909
lne_1161_1781_1	1161AUG	1781CFM	0.65	0.1210001	0.2420002	0.267681	110	8.2644559798	4.1322279899	1.5384615385
lne_1161_1791_2	1161AUG	1791CFM	0.67	0.121	0.2541002	0.267681	110	8.2644628099	3.9354553833	1.4925373134
lne_1161_3901_1	1161AUG	3901MTN	27.5	2.0933	10.8174	0.981495	110	0.4777146133	0.0924436556	0.0363636364
lne_1161_5051_3	1161AUG	5051SK	1	0.0726	0.1452	0.629837	110	13.7741046832	6.8870523416	1
lne_1161_5071_4	1161AUG	5071SK	1	0.0726	0.1452	0.629837	110	13.7741046832	6.8870523416	1
lne_1161_5141_1	1161AUG	5141TB	34	2.589399	13.3705	0.981495	110	0.3861900001	0.0747915186	0.0294117647
lne_1241_3541_1	1241BCM	3541LIM	4.5	0.7501995	1.778702	0.561604	110	1.332978761	0.5622077223	0.2222222222
lne_1241_4681_1	1241BCM	4681RAT	26.5	4.827902	10.99891	0.561604	110	0.2071293079	0.0909181001	0.0377358491
lne_1601_1611_1	1601CLA	1611CKN	29.56	5.566	12.30571	0.561604	110	0.179662235	0.0812630884	0.0338294993
lne_1602_5142_1	1602CLA	5142TB	97.3	5.469204	40.8012	1.13108	220	0.1828419638	0.0245090831	0.0102774923
lne_1611_1771_1	1611CKN	1771CHO	15	0.9316995	2.0328	0.734809	110	1.0733074344	0.4919323101	0.0666666667
lne_1611_1971_1	1611CKN	1971CGL	6.3	0.4840001	2.480499	0.981495	110	2.0661152756	0.4031446898	0.1587301587
lne_1611_3301_1	1611CKN	3301KER	19.91	3.751004	8.288493	0.561604	110	0.2665952902	0.120649194	0.0502260171
lne_1642_4522_1	1642CSH	4522PRO	88.54	4.9852	37.17122	1.13108	220	0.2005937575	0.0269025337	0.0112943302
lne_1651_5261_1	1651CLH	5261TRI	9	1.693998	3.751002	0.561604	110	0.5903194691	0.2665954324	0.1111111111
lne_1651_5281_1	1651CLH	5281TRL	13.5	2.540997	5.626503	0.561604	110	0.3935463127	0.1777302882	0.0740740741
lne_17702_17703_1	17702COOMACHE	17703COOMACHE	1	0.64	0.244	2.85788	20	1.5625	4.0983606557	1
lne_1881_3281_1	1881CHA	3281KLN	36.9	6.945392	15.3549	0.377902	110	0.1439803542	0.0651257905	0.027100271
lne_1971_2731_1	1971CGL	2731GAE	2	0.0847	0.3872	0.734809	110	11.8063754427	2.5826446281	0.5
lne_2204_5494_1	2204DSN	5494WMD	125	3.4656	40.14325	1.51478	380	0.2885503232	0.0249107882	0.008
lne_27302_27361_1	27302GLANLEE	27361GAE_SCOM	1	0.0004	0.0004	288.646	20	2500	2500	1
lne_3281_3541_1	3281KLN	3541LIM	9	1.693998	3.751002	0.561604	110	0.5903194691	0.2665954324	0.1111111111
lne_3281_3541_2	3281KLN	3541LIM	11.7	2.165904	4.791595	0.451383	110	0.4617009803	0.2086987736	0.0854700855
lne_3281_4261_1	3281KLN	4261NEN	33.6	6.328291	13.98761	0.561604	110	0.1580205461	0.0714918417	0.0297619048
lne_3282_5142_1	3282KLN	5142TB	70.6	3.9688	29.62079	1.13108	220	0.2519653296	0.0337600719	0.0141643059
lne_3282_5492_1	3282KLN	5492WMD	30	2.3232	12.87441	0.936882	220	0.4304407713	0.0776734623	0.0333333333
lne_3301_43619_1	3301KER	43619OUGT	22.6	1.718201	8.893507	0.719064	110	0.5820040845	0.1124415824	0.0442477876
lne_3541_3901_1	3541LIM	3901MTN	7.48	0.6413	2.964504	0.719064	110	1.5593326056	0.3373245575	0.1336898396
lne_3901_3981_1	3901MTN	3981MUN	0.7	0.1331001	0.3025001	0.236189	110	7.5131423643	3.3057840311	1.4285714286
lne_3901_3991_2	3901MTN	3991MUN	0.7	0.1331001	0.2903999	0.236189	110	7.5131423643	3.4435273566	1.4285714286
lne_3934_3954_1	3934MP	3954MP	1	0	0.1444	15.1919	380	999	6.9252077562	1
lne_3942_4522_1	3942MP	4522PRO	12.7	0.3388004	4.114	1.83702	220	2.9515903759	0.2430724356	0.0787401575
lne_3944_3954_1	3944MP	3954MP	1	0	0.1444	15.1919	380	999	6.9252077562	1
lne_3944_5144_1	3944MP	5144TB	6.5	0.1444001	0.866398	1.67128	380	6.9252029604	1.1542039571	0.1538461538
lne_3944_5494_1	3944MP	5494WMD	85	2.4548	27.29163	2.16354	380	0.4073651621	0.0366412706	0.0117647059
lne_4361_43619_1	4361OUG	43619OUGT	11	2.0691	4.5859	0.561604	110	0.4833019187	0.2180597047	0.0909090909
lne_4522_5142_1	4522PRO	5142TB	10.32	0.5323995	3.581597	0.999866	220	1.8782887662	0.2792050585	0.0968992248
lne_4681_5141_1	4681RAT	5141TB	33.59	4.234993	13.5883	0.719064	110	0.2361278991	0.0735927232	0.0297707651
lne_4942_5492_1	4942SH	5492WMD	60	4.6464	25.74882	0.750555	220	0.2152203857	0.0388367312	0.0166666667
lne_5141_5261_1	5141TB	5261TRI	20.54	2.589396	8.336899	0.629837	110	0.3861904475	0.1199486764	0.0486854917
lne_5141_5281_1	5141TB	5281TRL	41.97	7.610882	17.8354	0.561604	110	0.1313908165	0.0560682687	0.0238265428
lne_5141_5281_2	5141TB	5281TRL	47	5.929003	18.97282	0.719064	110	0.168662421	0.0527069777	0.0212765957
lne_5261_52661_1	5261TRI	52661TRIE_CAP	1	0	0.0121	0.561604	110	999	82.6446280992	1
lne_5281_43619_1	5281TRL	43619OUGT	11.3	0.8591006	4.452799	0.719064	110	1.1640080335	0.2245778442	0.0884955752
lne_5281_52861_1	5281TRL	52861TRAL_CAP	1	0	0.0121	0.561604	110	999	82.6446280992	1
lne_1221_4481_1	1221ATY	4481PLS	26.6	5.009392	11.07151	0.561604	110	0.1996250244	0.0903219163	0.037593985
lne_1321_13219_1	1321BLK	13219BLKT	0.5	0.0726	0.2057	0.719064	110	13.7741046832	4.8614487117	2
lne_1351_4081_1	1351BDA	4081MON	15	1.3068	4.005105	0.629837	110	0.765228038	0.2496813442	0.0666666667
lne_1351_4201_1	1351BDA	4201NEW	10	0.8228	2.4684	0.629837	110	1.2153621779	0.405120726	0.1
lne_1941_4201_1	1941CUS	4201NEW	31.2	3.93251	12.5961	0.719064	110	0.2542905167	0.0793896524	0.0320512821
lne_1941_4481_1	1941CUS	4481PLS	41.84	5.275606	16.8916	0.719064	110	0.1895516837	0.059201023	0.0239005736
lne_1941_5321_1	1941CUS	5321TSB	30	5.65071	12.4872	0.561604	110	0.1769689119	0.080082004	0.0333333333
lne_2261_3381_1	2261DER	3381KIN	15.12	1.488299	6.025804	0.629837	110	0.671907997	0.1659529583	0.0661375661
lne_2261_5321_1	2261DER	5321TSB	19.67	3.726796	8.240097	0.561604	110	0.2683270026	0.1213577947	0.0508388409
lne_2301_23019_1	2301DFR	23019DFRT	0.06	0.01210002	0.02419998	0.561604	110	82.6444914967	41.3223482003	16.6666666667
lne_3241_4081_1	3241KTL	4081MON	11.51	1.451998	4.670597	0.629837	110	0.6887061828	0.2141053917	0.0868809731
lne_3381_23019_1	3381KIN	23019DFRT	29.25	2.577299	11.57969	0.629837	110	0.3880030994	0.0863580977	0.0341880342
lne_3851_13219_1	3851MAY	13219BLKT	30.9	3.896212	12.4751	0.719064	110	0.2566595452	0.0801596781	0.0323624595
lne_4201_13219_1	4201NEW	13219BLKT	12.2	1.548802	4.924701	0.719064	110	0.6456603233	0.2030580131	0.0819672131
lne_4201_4481_1	4201NEW	4481PLS	43.02	6.691288	17.66599	0.561604	110	0.1494480584	0.0566059417	0.0232450023
lne_4741_23019_1	4741RNW	23019DFRT	25.9	2.432101	10.28499	0.561604	110	0.4111671349	0.0972290688	0.0386100386
lne_1061_10619_1	1061ARI	10619ARIT	0.21	0.04839996	0.09679992	0.561604	110	20.6611741001	10.3305870501	4.7619047619
lne_1141_11461_1	1141ATH	11461ATH_CAP	1	0	0.0121	0.561604	110	999	82.6446280992	1
lne_1141_3501_1	1141ATH	3501LA	35.7	6.509788	14.8588	0.561604	110	0.1536148335	0.0673001857	0.0280112045
lne_1181_1861_1	1181ARV	1861COS	41.4	7.792391	17.23039	0.561604	110	0.1283303161	0.0580369916	0.0241545894
lne_1181_2821_1	1181ARV	2821GWE	30.6	4.416498	12.46301	0.561604	110	0.2264237412	0.0802374386	0.0326797386
lne_1341_1701_1	1341BIN	1701CF	34.26	6.449307	14.2538	0.561604	110	0.1550554191	0.0701567301	0.0291885581
lne_1341_5191_1	1341BIN	5191TIV	25	4.1382	9.159699	0.561604	110	0.2416509594	0.1091738932	0.04
lne_1401_14061_1	1401BK	14061BELL_CAP	1	0	0.121	0.561604	110	999	8.2644628099	1
lne_1401_1661_1	1401BK	1661CBR	37.37	7.005903	15.5001	0.561604	110	0.142736775	0.0645157128	0.0267594327
lne_1401_4041_1	1401BK	4041MOY	27.2	5.106202	11.7733	0.561604	110	0.1958402742	0.0849379528	0.0367647059
lne_1571_5191_1	1571BUN	5191TIV	35	6.582415	14.5684	0.561604	110	0.151919926	0.0686417177	0.0285714286
lne_16302_16351_1	16302CORDERRY	16351CORDERRY	7.65	1.683199	2.677599	2.88675	20	0.5941068168	0.3734689175	0.1307189542
lne_16302_16354_1	16302CORDERRY	16354CORDERRY	11	2.42	3.850396	2.88675	20	0.4132231405	0.2597135463	0.0909090909
lne_16302_16362_1	16302CORDERRY	16362CORDERRY	7	1.54	2.450399	2.88675	20	0.6493506494	0.4080968038	0.1428571429
lne_1631_10619_1	1631CDY	10619ARIT	17	2.141694	6.872794	0.719064	110	0.4669201109	0.1455012328	0.0588235294
lne_1631_5041_1	1631CDY	5041SRA	12.65	1.597202	5.118304	0.719064	110	0.6260948834	0.1953772187	0.0790513834
lne_16351_16361_1	16351CORDERRY	16361CORDERRY	2.5	0.5504	0.8752	2.88675	20	1.8168604651	1.1425959781	0.4
lne_16351_16366_1	16351CORDERRY	16366CORDERRY	0.75	0.1652002	0.2628	2.88675	20	6.0532614367	3.8051750381	1.3333333333
lne_16354_16364_1	16354CORDERRY	16364CORDERRY	0.25	0.0552	0.0876	2.88675	20	18.115942029	11.4155251142	4
lne_16354_16365_1	16354CORDERRY	16365CORDERRY	0.25	0.0552	0.0876	2.88675	20	18.115942029	11.4155251142	4
lne_1641_16411_1	1641CSH	16411CASHLA	1	0	0.0121	1.31216	110	999	82.6446280992	1
lne_1641_16461_1	1641CSH	16461CASH_CAP	1	0	0.0121	0.561604	110	999	82.6446280992	1
lne_1641_1821_1	1641CSH	1821CLN	22.8	4.295497	9.486396	0.561604	110	0.2328019319	0.1054141109	0.0438596491
lne_1641_2281_1	1641CSH	2281DLT	55	9.7889	21.6348	0.561604	110	0.1021565242	0.0462218278	0.0181818182
lne_1641_2781_1	1641CSH	2781GAL	13.8	2.589404	5.735404	0.561604	110	0.3861892544	0.1743556339	0.0724637681
lne_1641_2781_2	1641CSH	2781GAL	11.3	2.129598	4.6948	0.561604	110	0.4695721916	0.2130016188	0.0884955752
lne_1641_2781_3	1641CSH	2781GAL	11.3	2.129598	4.6948	0.561604	110	0.4695721916	0.2130016188	0.0884955752
lne_1641_2781_4	1641CSH	2781GAL	20	3.4848	7.7077	0.561604	110	0.2869605142	0.1297403895	0.05
lne_1641_50019_1	1641CSH	50019SOMT	44.9	8.445781	18.6824	0.561604	110	0.1184023123	0.0535263135	0.0222717149
lne_1642_2522_1	1642CSH	2522FLA	88.09	4.985198	36.92918	1.13108	220	0.200593838	0.0270788574	0.0113520263
lne_1661_16661_1	1661CBR	16661CBAR_CAP	1	0	0.0121	0.561604	110	999	82.6446280992	1
lne_1661_16662_1	1661CBR	16662CBAR_SVC	1	0	1.21	52.4811	110	999	0.826446281	1
lne_1661_1821_1	1661CBR	1821CLN	57.7	10.82948	24.00637	0.561604	110	0.0923405371	0.0416556106	0.0173310225
lne_1661_2281_1	1661CBR	2281DLT	27.78	5.227196	11.6039	0.561604	110	0.1913071559	0.0861779229	0.0359971202
lne_1661_5341_1	1661CBR	5341TON	55	3.0976	22.3971	0.719064	110	0.3228305785	0.0446486375	0.0181818182
lne_1701_17061_1	1701CF	17061CATH_CAP	1	0	0.121	0.561604	110	999	8.2644628099	1
lne_1701_1761_1	1701CF	1761CL	5.5	0.7018	2.2264	0.356907	110	1.424907381	0.4491555875	0.1818181818
lne_1701_1981_1	1701CF	1981COR	61.3	7.744029	24.75662	0.561604	110	0.1291317478	0.0403932362	0.0163132137
lne_1701_2321_1	1701CF	2321DRM	51.25	9.292804	21.25968	0.561604	110	0.1076101465	0.0470373966	0.0195121951
lne_1701_28019_1	1701CF	28019GOLT	25.45	4.791599	10.58751	0.561604	110	0.2086985994	0.0944509143	0.0392927308
lne_1701_5041_1	1701CF	5041SRA	52.7	8.627307	21.67108	0.561604	110	0.1159110253	0.0461444469	0.0189753321
lne_1701_5041_2	1701CF	5041SRA	49.2	7.453603	20.1102	0.561604	110	0.1341633033	0.0497260097	0.0203252033
lne_1821_3501_1	1821CLN	3501LA	64.6	9.075007	26.71681	0.561604	110	0.1101927525	0.0374296183	0.0154798762
lne_1831_2781_1	1831CAM	2781GAL	55	8.2038	18.1258	0.561604	110	0.1218947317	0.0551699787	0.0181818182
lne_1861_10619_1	1861COS	10619ARIT	20.71	2.613602	8.385293	0.629837	110	0.3826137262	0.1192564172	0.0482858522
lne_1861_2521_1	1861COS	2521FLA	3.4	0.6413012	1.415699	0.561604	110	1.5593296878	0.7063648417	0.2941176471
lne_1861_2521_2	1861COS	2521FLA	3.3	0.6171	1.367299	0.561604	110	1.6204829039	0.7313689252	0.303030303
lne_19302_19402_1	19302CUNGHILL	19402CUNGHILL	18.3	1.553999	1.921592	0.536936	20	0.6435010576	0.5204018335	0.0546448087
lne_19302_19402_2	19302CUNGHILL	19402CUNGHILL	18.3	1.553999	1.921592	0.536936	20	0.6435010576	0.5204018335	0.0546448087
lne_1931_4041_1	1931CUN	4041MOY	40.7	7.659292	16.93999	0.561604	110	0.1305603703	0.0590319121	0.0245700246
lne_1931_4981_1	1931CUN	4981SLI	20	3.7631	8.3248	0.561604	110	0.265738354	0.120123006	0.05
lne_1981_2821_1	1981COR	2821GWE	10.9	1.815002	4.4891	0.561604	110	0.5509635802	0.2227618008	0.0917431193
lne_2041_4001_1	2041CDU	4001MUL	73.25	10.6964	28.67701	0.561604	110	0.0934893983	0.0348711389	0.0136518771
lne_2281_22861_1	2281DLT	22861DALT_CAP	1	0	0.0121	0.561604	110	999	82.6446280992	1
lne_2321_3581_1	2321DRM	3581LET	8	1.512504	3.3396	0.561604	110	0.6611552763	0.2994370583	0.125
lne_2321_4071_1	2321DRM	4071MEE	5	0.9438	2.0812	0.561604	110	1.0595465141	0.4804920238	0.2
lne_2521_2681_1	2521FLA	2681GIL	10.6	1.996499	4.416501	0.356907	110	0.5008767848	0.2264235874	0.0943396226
lne_2521_3501_1	2521FLA	3501LA	30.6	5.759593	12.74129	0.561604	110	0.1736233793	0.0784849886	0.0326797386
lne_2521_4981_1	2521FLA	4981SLI	50.5	9.498494	21.0177	0.561604	110	0.1052798475	0.0475789454	0.0198019802
lne_2521_5341_1	2521FLA	5341TON	32.31	6.086299	13.49149	0.561604	110	0.1643034626	0.0741207976	0.0309501702
lne_2522_5042_1	2522FLA	5042SRA	55	3.0976	23.0868	1.13108	220	0.3228305785	0.0433147946	0.0181818182
lne_27804_27805_1	27804GALWAY	27805GALWAY	1	0	0.001444	2.0815	38	999	692.5207756233	1
lne_2801_28019_1	2801GOL	28019GOLT	3.9	0.7380984	1.6335	0.561604	110	1.3548329057	0.6121824304	0.2564102564
lne_2821_28261_1	2821GWE	28261GWE_CAP	1	0	0.0121	0.561604	110	999	82.6446280992	1
lne_3361_3581_1	3361KTY	3581LET	4.9	0.7744009	2.020701	0.178454	110	1.2913208133	0.4948777677	0.2040816327
lne_3501_4001_1	3501LA	4001MUL	46.27	8.699917	19.2995	0.356907	110	0.1149436253	0.0518148139	0.0216122758
lne_3501_4701_1	3501LA	4701RIC	14.7	2.734597	6.037908	0.356907	110	0.3656845963	0.1656202778	0.0680272109
lne_3501_4711_2	3501LA	4711RIC	14.7	2.770906	6.122594	0.561604	110	0.360892791	0.1633294646	0.0680272109
lne_3581_28019_1	3581LET	28019GOLT	38.4	6.993792	15.93569	0.561604	110	0.1429839492	0.0627522247	0.0260416667
lne_3581_35861_1	3581LET	35861LKY_CAP	1	0	0.0121	0.561604	110	999	82.6446280992	1
lne_3581_35862_1	3581LET	35862LKY_SVC	1	0	1.21	0.561604	110	999	0.826446281	1
lne_3581_5191_1	3581LET	5191TIV	50	8.845099	19.5536	0.561604	110	0.1130569596	0.0511414778	0.02
lne_3581_5361_1	3581LET	5361TLK	34.7	6.53401	14.4353	0.561604	110	0.1530453734	0.0692746254	0.0288184438
lne_4041_40461_1	4041MOY	40461MOY_CAP	1	0	0.0121	0.561604	110	999	82.6446280992	1
lne_4041_5241_1	4041MOY	5241TAW	8.4	1.585097	3.496903	0.356907	110	0.6308762177	0.2859673259	0.119047619
lne_4041_5251_1	4041MOY	5251TAW	8.3	1.560898	3.460602	0.356907	110	0.6406568527	0.2889670641	0.1204819277
lne_4941_50019_1	4941SH	50019SOMT	13.8	2.565199	5.662802	0.561604	110	0.3898333034	0.1765910233	0.0724637681
lne_4981_49861_1	4981SLI	49861SLIG_CAP	1	0	0.0121	0.561604	110	999	82.6446280992	1
lne_4981_5041_1	4981SLI	5041SRA	11.1	2.093305	4.622195	0.561604	110	0.4777134722	0.216347428	0.0900900901
lne_4981_5041_2	4981SLI	5041SRA	12	1.512504	4.852104	0.719064	110	0.6611552763	0.2060961595	0.0833333333
lne_4991_5361_1	4991SOR	5361TLK	4.4	0.8349	1.8392	0.561604	110	1.1977482333	0.5437146585	0.2272727273
lne_5001_50019_1	5001SOM	50019SOMT	2	0.3872	0.8349	0.561604	110	2.5826446281	1.1977482333	0.5
trf_1201_12001_1	1201ARTANE	12001ARTANE	0.1	0.0	58.8	0.532214	59.235	999	0.0169985045	10
trf_1421_14204_1	1421BLACKROC	14204BLACKROC	0.1	0.8	39.4	0.5482048	71.653	1.2882368761	0.0254018539	10
trf_1421_14204_2	1421BLACKROC	14204BLACKROC	0.1	0.8	39.4	0.5482048	71.653	1.2882368761	0.0254018539	10
trf_1581_15801_1	1581CABRA	15801CABRA	0.1	0.0	74.3	0.5248114	60	999	0.0134600371	10
trf_1581_15801_2	1581CABRA	15801CABRA	0.1	0.0	74.3	0.5248114	60	999	0.0134600371	10
trf_1691_16901_1	1691CENTRAL	16901CENTRAL	0.1	2.7	133.1	0.5248114	60	0.3756574005	0.007513148	10
trf_1691_16901_2	1691CENTRAL	16901CENTRAL	0.1	2.7	133.1	0.5248114	60	0.3756574005	0.007513148	10
trf_1801_18004_1	1801COOKSTOW	18004COOKSTOW	0.1	0.0	36.6	0.5688508	69.742	999	0.0273512068	10
trf_1801_18004_2	1801COOKSTOW	18004COOKSTOW	0.1	0.0	36.6	0.5688508	69.742	999	0.0273512068	10
trf_2021_20201_1	2021CITYWES	20201CITYWES	0.1	0.0	56.8	0.5415857	58.2965	999	0.01760243	10
trf_2021_20201_2	2021CITYWES	20201CITYWES	0.1	0.0	56.8	0.5415857	58.2965	999	0.01760243	10
trf_2541_25404_1	2541FRNSTA	25404FRANCIS	0.1	0.8	34.7	0.5377116	72.6805	1.3205095135	0.0288000796	10
trf_2551_14_2	2551FRNSTB	14F_I_____	0.1	0.7	33.0	0.5512672	71.3605	1.3879284209	0.0302704741	10
trf_2701_27004_1	2701GLA	27004GLASMORE	0.1	0.8	41.1	0.5362481	72.827	1.2326552158	0.0243058775	10
trf_2701_27004_2	2701GLA	27004GLASMORE	0.1	0.0	41.6	0.5330642	73.1485	999	0.0240181081	10
trf_2761_27604_1	2761GRA	27604GRANGE	0.1	0.0	40.3	0.5415857	72.2965	999	0.0247921549	10
trf_2761_27604_2	2761GRA	27604GRANGE	0.1	0.8	35.2	0.5482048	71.653	1.2882368761	0.028446898	10
trf_2861_28601_1	2861GCA	28601GRANGEC	0.1	2.6	117.4	0.5328575	59.1695	0.3872644878	0.0085198358	10
trf_2861_28604_1	2861GCA	28604GRANGEC	0.1	0.0	36.6	0.5688508	69.742	999	0.0273512068	10
trf_2941_29401_1	2941HAROLDS	29401HAROLDS	0.1	0.0	58.3	0.5326068	59.195	999	0.0171608933	10
trf_2941_29401_2	2941HAROLDS	29401HAROLDS	0.1	0.0	58.1	0.5333202	59.1225	999	0.0172069	10
trf_3081_14_1	3081INC	14F_I_____	0.1	1.2	30.5	0.5511988	71.367	0.8295201247	0.0328295556	10
trf_3081_15_3	3081INC	15I_M_____	0.1	1.2	30.5	0.5511988	71.367	0.8295201247	0.0328295556	10
trf_3081_30804_4	3081INC	30804INCHICOR	0.1	0.0	37.8	0.5594625	70.5935	999	0.0264558473	10
trf_3081_30804_5	3081INC	30804INCHICOR	0.1	0.0	37.8	0.5594625	70.5935	999	0.0264558473	10
trf_3421_34201_1	3421KLM	34201KILMORE	0.1	2.5	125.2	0.5411543	58.339	0.3994179601	0.0079883592	10
trf_3421_34201_2	3421KLM	34201KILMORE	0.1	2.5	125.2	0.5411543	58.339	0.3994179601	0.0079883592	10
trf_3421_34201_3	3421KLM	34201KILMORE	0.1	2.5	125.2	0.5411543	58.339	0.3994179601	0.0079883592	10
trf_3751_37501_1	3751MISERYH	37501MISERYH	0.1	12.9	645.6	0.001065822	59.1695	0.0774528976	0.001549058	10
trf_3751_37501_2	3751MISERYH	37501MISERYH	0.1	12.9	645.6	0.001065822	59.1695	0.0774528976	0.001549058	10
trf_3761_37601_1	3761MCE	37601MACE_ESB	0.1	0.0	66.0	0.5399294	58.46	999	0.0151602473	10
trf_3761_37601_2	3761MCE	37601MACE_ESB	0.1	0.0	66.0	0.5398789	58.465	999	0.0151574119	10
trf_3761_37602_1	3761MCE	37602MACE_IBM	0.1	0.0	60.5	0.5248114	65	999	0.0165289256	10
trf_3761_37602_2	3761MCE	37602MACE_IBM	0.1	0.0	60.5	0.5248114	65	999	0.0165289256	10
trf_3781_10_1	3781MCDERMOT	10F_M_____	0.1	0.7	30.7	0.5630365	70.266	1.4347215245	0.032578305	10
trf_3781_11_2	3781MCDERMOT	11FMN_LOOP	0.1	0.8	33.7	0.5369614	72.7555	1.3049103289	0.0296306746	10
trf_3861_13_2	3861MILLTOWN	13M_R_____	0.1	1.3	35.2	0.5508464	71.4005	0.7924084863	0.0283716997	10
trf_3861_38601_1	3861MILLTOWN	38601MILLTOWN	0.1	0.0	117.3	0.5330642	59.1485	999	0.0085264284	10
trf_3871_15_1	3871MILLTOWN	15I_M_____	0.1	1.2	24.4	0.5511988	71.367	0.8295201247	0.0410649642	10
trf_3871_38701_2	3871MILLTOWN	38701MILLTOWN	0.1	0.0	113.6	0.5415857	58.2965	999	0.008801215	10
trf_4211_42102_1	4211NORTHQU	42102NORTHQU	0.1	2.5	125.2	0.5411543	63.339	0.3994179601	0.0079883592	10
trf_4211_42102_2	4211NORTHQU	42102NORTHQU	0.1	2.5	125.2	0.5411543	63.339	0.3994179601	0.0079883592	10
trf_4281_42802_1	4281NAN	42802NANGOR	0.1	0.0	39.7	0.5422726	63.229	999	0.0252101454	10
trf_4281_42802_2	4281NAN	42802NANGOR	0.1	0.0	39.7	0.5422726	63.229	999	0.0252101454	10
trf_4491_44901_1	4491PELLETST	44901PELLETST	0.1	2.5	125.2	0.5411543	58.339	0.3994179601	0.0079883592	10
trf_4491_44901_2	4491PELLETST	44901PELLETST	0.1	2.5	125.2	0.5411543	58.339	0.3994179601	0.0079883592	10
trf_4511_45101_1	4511POT	45101POTTERY	0.1	2.5	125.2	0.5411543	58.339	0.3994179601	0.0079883592	10
trf_4511_45101_2	4511POT	45101POTTERY	0.1	2.5	125.2	0.5411543	58.339	0.3994179601	0.0079883592	10
trf_4651_13_2	4651RINGSEND	13M_R_____	0.1	0.9	33.5	0.5512672	71.3605	1.1257641636	0.0298191488	10
trf_4651_46501_1	4651RINGSEND	46501RINGSEND	0.1	0.0	45.4	0.5417382	58.2815	999	0.0220154279	10
trf_4651_46501_2	4651RINGSEND	46501RINGSEND	0.1	0.0	45.4	0.5417382	58.2815	999	0.0220154279	10
trf_4651_46504_4	4651RINGSEND	46504RINGSEND	0.1	0.9	35.3	0.5377116	72.6805	1.1094306271	0.0282956819	10
trf_5031_50301_1	5031SVN	50301STEVENST	0.1	2.5	125.2	0.5411543	58.339	0.3994179601	0.0079883592	10
trf_5031_50301_2	5031SVN	50301STEVENST	0.1	2.5	125.2	0.5411543	58.339	0.3994179601	0.0079883592	10
trf_5131_51301_1	5131TANEY	51301TANEY	0.1	13.3	605.0	0.001049728	60	0.0751314801	0.0016528957	10
trf_5131_51301_2	5131TANEY	51301TANEY	0.1	13.3	605.0	0.001049728	60	0.0751314801	0.0016528957	10
trf_5521_55201_1	5521WOLFETO	55201WOLFETO	0.1	0.0	46.9	0.5330642	59.1485	999	0.0213160709	10
trf_5521_55201_2	5521WOLFETO	55201WOLFETO	0.1	0.0	46.9	0.5330642	59.1485	999	0.0213160709	10
trf_1271_12702_1	1271BAL	12702BALTRASN	0.1	2.3	124.7	0.5421046	63.2455	0.4409041572	0.0080164538	10
trf_1271_12702_2	1271BAL	12702BALTRASN	0.1	2.3	124.7	0.5421046	63.2455	0.4409041572	0.0080164538	10
trf_2101_21004_1	2101DDK	21004DUNDALK	0.1	0.8	39.4	0.5482048	71.653	1.2882368761	0.0254018539	10
trf_2101_21004_2	2101DDK	21004DUNDALK	0.1	0.8	39.4	0.5482048	71.653	1.2882368761	0.0254018539	10
trf_2181_21804_1	2181DRY	21804DRYBRIDG	0.1	0.0	39.1	0.550379	71.445	999	0.025603744	10
trf_2181_21804_2	2181DRY	21804DRYBRIDG	0.1	0.0	39.1	0.550379	71.445	999	0.025603744	10
trf_2842_2841_1	2842GOR	2841GOR	0.1	0.2	12.4	0.006560798	165	5.1652892562	0.080707405	10
trf_3321_33201_1	3321KUR	33201KNOCKUMB	0.1	0.0	74.3	0.5248114	58.3	999	0.0134600371	10
trf_3321_33201_2	3321KUR	33201KNOCKUMB	0.1	0.0	74.3	0.5248114	58.3	999	0.0134600371	10
trf_3522_3521_1	3522LOU	3521LOU	0.1	0.8	47.3	0.003392347	161.37	1.2786033435	0.0211338838	10
trf_3522_3521_2	3522LOU	3521LOU	0.1	0.8	47.1	0.003392347	161.37	1.2786033435	0.0212456172	10
trf_3522_3521_3	3522LOU	3521LOU	0.1	0.8	47.1	0.003392347	161.37	1.2230101706	0.0212456336	10
trf_3522_3521_4	3522LOU	3521LOU	0.1	0.2	11.8	0.006784693	161.37	5.4341837055	0.0849090421	10
trf_35231_3522_1	35231LOU	3522LOU	0.1	0.2	7.4	0.006387796	245.575	5.1004917588	0.1360131136	10
trf_35231_3522_3	35231LOU	3522LOU	0.1	0.2	7.4	0.006387796	245.575	5.1004917588	0.1346664046	10
trf_35232_3522_2	35232LOU	3522LOU	0.1	0.1	1.8	0.01277559	245.575	10.2009835176	0.5440524543	10
trf_3561_35604_1	3561LIS	35604LISDRUM	0.1	0.0	48.4	0.5248114	74	999	0.020661157	10
trf_3561_35604_2	3561LIS	35604LISDRUM	0.1	0.0	48.4	0.5248114	74	999	0.020661157	10
trf_3774_3772_1	3774MCV	3772MCV	0.1	0.1	7.8	0.007596714	300	11.5597378584	0.1284418176	10
trf_3821_38204_1	3821MTH	38204MEATHHIL	0.1	0.0	46.4	0.5360688	72.845	999	0.0215570463	10
trf_3821_38204_2	3821MTH	38204MEATHHIL	0.1	0.0	46.4	0.5360688	72.845	999	0.0215570463	10
trf_4061_40602_1	4061MLN	40602MULLAGHA	0.1	0.0	69.0	0.5248114	65	999	0.0144990576	10
trf_4061_40602_2	4061MLN	40602MULLAGHA	0.1	0.0	69.0	0.5248114	65	999	0.0144990576	10
trf_4221_42204_1	4221NAV	42204NAVAN	0.1	0.8	39.4	0.5482048	71.653	1.2882368761	0.0254018539	10
trf_4221_42204_2	4221NAV	42204NAVAN	0.1	0.8	39.4	0.5482048	71.653	1.2882368761	0.0254018539	10
trf_4501_45001_1	4501PLA	45001PLATIN	0.1	4.8	95.8	0.5248114	62.5	0.2066115702	0.0104349331	10
trf_4501_45001_2	4501PLA	45001PLATIN	0.1	4.8	95.8	0.5248114	62.5	0.2066115702	0.0104349331	10
trf_4501_45001_3	4501PLA	45001PLATIN	0.1	4.8	98.7	0.5248114	62.5	0.2066115702	0.0101280157	10
trf_4501_45001_4	4501PLA	45001PLATIN	0.1	4.8	98.7	0.5248114	62.5	0.2066115702	0.0101280157	10
trf_47802_47871_1	47802RATRUSSA	47871RATRUSSA	0.1	0.0	0.5	2.886463	10.33	83.3333333333	1.8754660533	10
trf_4781_47802_1	4781RRU	47802RATRUSSA	0.1	0.5	20.7	0.004394209	69.125	2.1454527576	0.0482849031	10
trf_4781_47902_2	4781RRU	47902MOUNTAIN	0.1	1.0	95.2	0.002050631	69.125	1.0012112869	0.0105021832	10
trf_47902_47872_2	47902MOUNTAIN	47872MOUNTAIN	0.1	0.0	0.5	2.886463	10.33	83.3333333333	1.8754660533	10
trf_4961_49604_1	4961SKL	49604SHANKILL	0.1	0.8	40.6	0.5362481	72.827	1.2326552158	0.0246531043	10
trf_4961_49604_2	4961SKL	49604SHANKILL	0.1	0.8	40.6	0.5362481	72.827	1.2326552158	0.0246531043	10
trf_1741_17404_1	1741CKM	17404CARRICKM	0.1	0.0	39.1	0.550379	71.445	999	0.025603744	10
trf_1741_17404_2	1741CKM	17404CARRICKM	0.1	0.0	39.1	0.550379	71.445	999	0.025603744	10
trf_1742_1741_1	1742CKM	1741CKM	0.1	0.2	12.5	0.006560798	165	5.1652892562	0.0799582113	10
trf_1742_1741_2	1742CKM	1741CKM	0.1	0.2	12.5	0.006560798	165	5.1652892562	0.0799582113	10
trf_1742_17431_1	1742CKM	17431CKMN_PST	0.1	0.0	4.0	0.009185118	220	999	0.2493587917	10
trf_1871_18701_1	1871COL	18701COLLEGE	0.1	0.0	56.8	0.5415857	58.2965	999	0.01760243	10
trf_1871_18701_2	1871COL	18701COLLEGE	0.1	0.0	56.8	0.5415857	58.2965	999	0.01760243	10
trf_2042_2041_1	2042CDU	2041CDU	0.1	0.2	12.4	0.006560798	165	6.6221657131	0.0807075816	10
trf_2042_2041_2	2042CDU	2041CDU	0.1	0.2	11.8	0.006560798	165	5.1652892562	0.0846771507	10
trf_2204_2202_1	2204DSN	2202DSN	0.1	0.1	7.9	0.008074738	288.752	19.9596132689	0.1259282405	10
trf_2481_24804_1	2481FAS	24804FASSAROE	0.1	0.0	40.4	0.541474	72.3075	999	0.0247819242	10
trf_2491_24804_2	2491FAS	24804FASSAROE	0.1	0.0	40.4	0.541474	72.3075	999	0.0247819242	10
trf_2561_10_2	2561FIN	10F_M_____	0.1	0.9	31.3	0.5637732	70.199	1.1630628907	0.0319843923	10
trf_2561_11_1	2561FIN	11FMN_LOOP	0.1	1.0	34.8	0.5371862	72.733	1.0439260003	0.0287081294	10
trf_2562_2561_1	2562FIN	2561FIN	0.1	0.3	12.6	0.006560798	165	3.9732994278	0.0793441404	10
trf_2562_2561_4	2562FIN	2561FIN	0.1	0.2	12.4	0.006560798	165	5.1652892562	0.0809604436	10
trf_2562_2571_2	2562FIN	2571FIN	0.1	0.3	12.5	0.006560798	165	3.9732994278	0.0797110571	10
trf_2562_2571_3	2562FIN	2571FIN	0.1	0.2	12.4	0.006560798	165	5.1652892562	0.080707405	10
trf_2571_25604_3	2571FIN	25604FINGLAS	0.1	0.9	32.8	0.5501587	71.466	1.1075676096	0.0304582643	10
trf_2571_25604_4	2571FIN	25604FINGLAS	0.1	0.9	32.8	0.5501587	71.466	1.1075676096	0.0304582643	10
trf_2721_27204_1	2721GRI	27204GRIFFINR	0.1	0.0	40.3	0.5415857	72.2965	999	0.0247921549	10
trf_27281_27204_2	27281GRIFFINR	27204GRIFFINR	0.1	0.8	39.4	0.5482048	71.653	1.2882368761	0.0254018539	10
trf_2972_29673_2	2972HN	29673HUNTSTOW	0.1	0.3	17.4	0.2411555	129.693	3.6354758719	0.0574022317	10
trf_3082_3081_1	3082INC	3081INC	0.1	0.2	10.9	0.006560798	165	5.1652892562	0.0915832565	10
trf_3082_3081_2	3082INC	3081INC	0.1	0.2	10.9	0.006560798	165	5.1652892562	0.0915832565	10
trf_3082_3091_4	3082INC	3091INC	0.1	0.0	11.6	0.006560798	165	51.652892562	0.0860882691	10
trf_3122_31271_1	3122ISH	31271DUBLINB	0.1	0.3	23.0	0.2314763	135.198	3.2155186168	0.043452919	10
trf_3842_3841_1	3842MAY	3841MAY	0.1	0.8	51.8	0.003280399	165	1.2298307753	0.0192878181	10
trf_3842_3841_2	3842MAY	3841MAY	0.1	0.2	13.0	0.00624588	165	4.9173553719	0.0768334736	10
trf_3852_3851_3	3852MAY	3851MAY	0.1	0.8	51.3	0.003280399	165	1.2298307753	0.0195063646	10
trf_3852_3851_4	3852MAY	3851MAY	0.1	0.2	12.4	0.006560798	165	5.1652892562	0.080707405	10
trf_4472_4461_3	4472PB	4461PB	0.1	0.3	11.4	0.006560798	165	3.9732994278	0.0875471568	10
trf_4472_44671_1	4472PB	44671PBEGG1	0.1	1.7	55.9	0.2440983	125.15	0.5939791688	0.0178788248	10
trf_4472_44672_2	4472PB	44672PBEGG2	0.1	1.7	55.9	0.2440983	125.15	0.5920123503	0.0178787015	10
trf_4472_44673_1	4472PB	44673PBEGG3	0.1	0.4	25.2	0.2440983	128.25	2.837900473	0.0397306155	10
trf_4472_4471_4	4472PB	4471PB	0.1	0.3	11.8	0.006560798	165	3.9732994278	0.0848157345	10
trf_4621_46210_1	4621RYB	46210RYEBROOK	0.1	0.0	48.4	0.5248114	60	999	0.020661157	10
trf_4621_46210_2	4621RYB	46210RYEBROOK	0.1	0.0	48.4	0.5248114	60	999	0.020661157	10
trf_4621_46214_3	4621RYB	46214RYEBROOK	0.1	0.0	48.4	0.5248114	60	999	0.020661157	10
trf_4621_46214_4	4621RYB	46214RYEBROOK	0.1	0.0	48.4	0.5248114	60	999	0.020661157	10
trf_4621_46224_5	4621RYB	46224RYEBROOK	0.1	0.0	46.9	0.5330642	59.1485	999	0.0213160709	10
trf_4621_46224_6	4621RYB	46224RYEBROOK	0.1	0.0	46.9	0.5330642	59.1485	999	0.0213160709	10
trf_4741_47402_1	4741RNW	47402RINAWADE	0.1	0.0	60.0	0.5248114	65	999	0.0166622234	10
trf_4741_47402_2	4741RNW	47402RINAWADE	0.1	0.0	60.0	0.5248114	65	999	0.0166622234	10
trf_5022_50274_1	5022SHL	50274PBEGG4	0.1	0.4	38.8	0.2367574	127.4165	2.8032626172	0.0257968755	10
trf_5122_50275_1	5122SHL	50275PBEGG5	0.1	0.4	38.8	0.2367574	127.4165	2.8032626172	0.0257968755	10
trf_5122_50276_1	5122SHL	50276PBEGG6	0.1	0.4	30.3	0.2368156	129.7615	2.8046427245	0.0329958226	10
trf_5202_52070_1	5202TH	52070TURL_HIL	0.1	0.1	6.5	0.009789321	123.5	8.9617349561	0.1549805861	10
trf_5464_5462_1	5464WOO	5462WOO	0.1	0.1	7.9	0.008074738	288.752	19.9596132689	0.1263267478	10
trf_1041_10401_1	1041AD	10401AGHADA	0.1	1.8	83.9	0.5041416	62.255	0.5408714503	0.0119160797	10
trf_1041_10475_1	1041AD	10475AGH_PEAK	0.1	0.0	47.4	0.4972716	63.296	999	0.0210791333	10
trf_1042_1041_2	1042AD	1041AD	0.1	0.4	48.0	0.003280399	165	2.5826446281	0.0208277793	10
trf_1042_10471_1	1042AD	10471AGH_G1	0.1	0.3	26.3	0.2440983	128.25	2.9797954966	0.0380399668	10
trf_1042_10472_1	1042AD	10472AGH_G11	0.1	1.1	68.6	0.2440983	123.5	0.893938649	0.0145711627	10
trf_1042_10473_1	1042AD	10473AGH_G12	0.1	1.1	68.8	0.2440983	123.5	0.893938649	0.0145356114	10
trf_1042_10474_1	1042AD	10474AGH_G14	0.1	1.1	69.4	0.2440983	123.5	0.893938649	0.0144183769	10
trf_1281_12804_1	1281BLI	12804BALLYLIC	0.1	1.6	44.4	0.5380874	72.643	0.6205629703	0.0225074536	10
trf_1381_13802_1	1381BRY	13802BARNAHEL	0.1	0.0	74.3	0.5248114	65	999	0.0134600371	10
trf_1381_13802_2	1381BRY	13802BARNAHEL	0.1	0.0	74.3	0.5248114	65	999	0.0134600371	10
trf_1381_13802_4	1381BRY	13802BARNAHEL	0.1	0.0	133.1	0.5248114	65	999	0.007513148	10
trf_1381_13804_1	1381BRY	13804BARNAHEL	0.1	0.0	49.4	0.5195311	74.559	999	0.0202474892	10
trf_1381_13804_2	1381BRY	13804BARNAHEL	0.1	0.0	49.4	0.5195311	74.559	999	0.0202474892	10
trf_1441_14401_1	1441BAN	14401BANDON	0.1	0.0	60.0	0.5248114	60	999	0.0166622234	10
trf_1441_14404_2	1441BAN	14404BANDON	0.1	1.7	40.7	0.5248114	74.55725	0.5903187721	0.0245965789	10
trf_1501_15001_1	1501BRI	15001BRINNY	0.1	0.0	126.0	0.5248114	60	999	0.0079389652	10
trf_1511_15001_2	1511BRI	15001BRINNY	0.1	0.0	126.0	0.5248114	60	999	0.0079389652	10
trf_1531_15302_1	1531BDM	15302BALLYADA	0.1	2.2	64.2	0.5095256	66.65	0.4451456478	0.0155801008	10
trf_1531_15302_2	1531BDM	15302BALLYADA	0.1	2.2	64.2	0.5095256	66.65	0.4451456478	0.0155801008	10
trf_1602_1601_1	1602CLA	1601CLA	0.1	0.4	48.0	0.003280399	165	2.5826446281	0.0208277793	10
trf_1621_16202_1	1621CRO	16202COOLROE	0.1	0.0	60.0	0.5248114	65	999	0.0166622234	10
trf_1621_16202_2	1621CRO	16202COOLROE	0.1	0.0	60.0	0.5248114	65	999	0.0166622234	10
trf_1681_16873_1	1681CD	16873CDRDG3	0.1	7.3	120.3	0.4672731	67.0225	0.1376393775	0.0083155179	10
trf_1881_18804_1	1881CHA	18804CHARLEVI	0.1	0.0	48.4	0.5248114	75.368	999	0.020661157	10
trf_1921_19204_1	1921COW	19204COW_CROS	0.1	0.0	48.1	0.5248114	74	999	0.0207702006	10
trf_1961_19601_1	1961CVW	19601CASTLEVI	0.1	0.0	77.7	0.529529	59.51	999	0.0128650031	10
trf_1961_19601_2	1961CVW	19601CASTLEVI	0.1	0.0	77.7	0.529529	59.51	999	0.0128650031	10
trf_2221_22204_1	2221DMY	22204DUNMANWA	0.1	0.0	46.4	0.5360688	72.845	999	0.0215570463	10
trf_2221_22204_2	2221DMY	22204DUNMANWA	0.1	0.0	46.4	0.5360688	72.845	999	0.0215570463	10
trf_2881_28804_1	2881GLE	28804GLENLARA	0.1	1.5	42.5	0.5600975	70.535	0.658262948	0.023532871	10
trf_2881_28804_2	2881GLE	28804GLENLARA	0.1	1.5	42.5	0.5600975	70.535	0.658262948	0.023532871	10
trf_2981_29801_1	2981HTS	29801HARNETTS	0.1	0.0	133.1	0.5248114	60	999	0.007513148	10
trf_3061_30671_1	3061IA	30671INISG1	0.1	2.5	53.4	0.477409	65.711	0.3941757273	0.018721961	10
trf_3202_3201_1	3202KRA	3201KRA	0.1	0.3	12.5	0.006560798	165	3.9732994278	0.0798342702	10
trf_3202_3201_2	3202KRA	3201KRA	0.1	0.3	12.6	0.006560798	165	3.9732994278	0.0792224223	10
trf_3221_32201_1	3221KBY	32201KILBARRY	0.1	0.0	60.5	0.5248114	60	999	0.0165289256	10
trf_3221_32204_1	3221KBY	32204KILBARRY	0.1	0.0	40.3	0.5415857	72.2965	999	0.0247921549	10
trf_3221_32204_3	3221KBY	32204KILBARRY	0.1	0.0	40.3	0.5415857	72.2965	999	0.0247921549	10
trf_3601_36001_2	3601LIB	36001LIBERTY	0.1	0.0	58.2	0.53301	59.154	999	0.0171868882	10
trf_3611_36001_1	3611LIB	36001LIBERTY	0.1	0.0	117.2	0.5333202	59.1225	999	0.0085346224	10
trf_3801_38001_2	3801MID	38001MIDLETON	0.1	0.0	71.9	0.5333992	59.1145	999	0.0139041466	10
trf_3801_38004_1	3801MID	38004MIDLETON	0.1	0.0	44.4	0.5478198	71.69	999	0.0225124945	10
trf_3881_38804_1	3881MAC	38804MACROOM	0.1	0.0	48.4	0.5248114	74	999	0.020661157	10
trf_3961_39601_5	3961MR	39601MARINA	0.1	0.0	58.6	0.5330642	59.1485	999	0.0170528567	10
trf_3961_39601_6	3961MR	39601MARINA	0.1	0.0	58.2	0.5330642	59.1485	999	0.0171903798	10
trf_39670_39672_1	39670MARINA	39672MARIG2	0.1	2.9	40.6	0.5000585	63.2225	0.3438705613	0.0246007979	10
trf_39670_39675_1	39670MARINA	39675MARI_GT	0.1	0.3	14.6	0.4985427	63.148	3.7289184803	0.0685465476	10
trf_4021_40204_1	4021MAL	40204MALLOW	0.1	0.0	44.4	0.5478198	71.69	999	0.0225124945	10
trf_4021_40204_2	4021MAL	40204MALLOW	0.1	0.0	44.4	0.5478198	71.69	999	0.0225124945	10
trf_4341_43401_1	4341OLD	43401OLDCOURT	0.1	0.0	49.9	0.5167408	58.859	999	0.0200305883	10
trf_4351_43401_2	4351OLD	43401OLDCOURT	0.1	0.0	49.9	0.5167408	58.859	999	0.0200305883	10
trf_4722_4721_1	4722RAF	4721RAF	0.1	0.2	13.0	0.00624588	165	4.9173553719	0.0768334736	10
trf_4722_4721_2	4722RAF	4721RAF	0.1	0.1	10.8	0.006560798	165	11.4784205693	0.0925676092	10
trf_4761_47601_1	4761RSY	47601RINGASKI	0.1	0.0	104.8	0.5168102	60.8515	999	0.0095409373	10
trf_5181_51801_1	5181RBG	51801TRABEG	0.1	0.0	74.3	0.5248114	60	999	0.0134600371	10
trf_5181_51801_2	5181RBG	51801TRABEG	0.1	0.0	74.3	0.5248114	60	999	0.0134600371	10
trf_5181_51804_1	5181RBG	51804TRABEG	0.1	1.7	40.7	0.5248114	74	0.5903187721	0.0245965789	10
trf_5181_51804_2	5181RBG	51804TRABEG	0.1	1.7	40.7	0.5248114	74	0.5903187721	0.0245965789	10
trf_5481_54801_1	5481WHI	54801WHITEGAT	0.1	2.5	124.7	0.5170555	61.2	0.4010998961	0.0080219979	10
trf_5481_54801_2	5481WHI	54801WHITEGAT	0.1	2.5	124.7	0.5170555	61.2	0.4010998961	0.0080219979	10
trf_1021_10204_1	1021AA	10204ARDNACRU	0.1	0.8	40.6	0.5487519	71.6005	1.2908097105	0.0246203353	10
trf_1021_10205_2	1021AA	10205ARDNACRU	0.1	0.6	31.8	0.6058288	66.64485	1.5732945588	0.0314658912	10
trf_1021_10271_1	1021AA	10271ARDNG1	0.1	1.2	46.5	0.4881966	64.375	0.8658001443	0.0214953365	10
trf_1021_10272_2	1021AA	10272ARDNG2	0.1	1.2	52.5	0.4881966	64.375	0.8658001443	0.0190605205	10
trf_1021_10273_3	1021AA	10273ARDNG3	0.1	1.3	40.6	0.5103544	61.808	0.7815412795	0.0246465008	10
trf_1021_10274_4	1021AA	10274ARDNG4	0.1	1.8	41.4	0.5113535	61.6975	0.5564568225	0.0241788784	10
trf_12502_12571_1	12502BOOLTIAG	12571BOOLTIAG	0.1	0.0	0.9	2.886463	10.345	999	1.0683760684	10
trf_1251_12502_1	1251BOL	12502BOOLTIAG	0.1	4.2	139.0	0.001547897	65.9485	0.239598651	0.0071951568	10
trf_2121_21204_1	2121DRU	21204DRUMLINE	0.1	0.0	48.1	0.5248114	75.368	999	0.0207702006	10
trf_2121_21204_2	2121DRU	21204DRUMLINE	0.1	0.0	48.1	0.5248114	75.368	999	0.0207702006	10
trf_22302_22371_1	22302DERRYBRI	22371DERRYBRI	0.1	0.0	0.4	2.886463	10.345	25	2.6881714649	10
trf_2231_22302_1	2231DYN	22302DERRYBRI	0.1	1.2	55.0	0.003446573	68.63	0.8484905503	0.0181819404	10
trf_2361_23601_1	2361ENN	23601ENNIS	0.1	1.6	122.2	0.5476691	57.7045	0.6383009647	0.0081818578	10
trf_2361_23601_2	2361ENN	23601ENNIS	0.1	1.6	122.2	0.5476691	57.7045	0.6383009647	0.0081818578	10
trf_2361_23604_1	2361ENN	23604ENNIS	0.1	0.0	44.4	0.5478198	71.69	999	0.0225124945	10
trf_2361_23604_2	2361ENN	23604ENNIS	0.1	0.0	44.4	0.5478198	71.69	999	0.0225124945	10
trf_3934_39471_1	3934MP	39471MNYPG1	0.1	0.9	82.9	0.1430606	210.265	1.1372464383	0.0120650804	10
trf_39401_39474_1	39401MONEYPOI	39474MONEYPOI	0.1	0.0	0.1	8.746856	3.63	999	8.8636452273	10
trf_3941_39401_1	3941MP	39401MONEYPOI	0.1	0.0	121.8	0.001653321	58.3	999	0.0082123211	10
trf_3944_39473_1	3944MP	39473MNYPG3	0.1	0.9	84.6	0.1430943	210.2175	1.0593143634	0.0118154385	10
trf_4384_4382_1	4384OST	4382OST	0.1	0.1	7.8	0.007596714	300	11.5597378584	0.1284418176	10
trf_5221_52204_2	5221TBK	52204TULABRAC	0.1	0.0	72.1	0.5688508	69.742	999	0.0138709692	10
trf_1361_13601_1	1361BDN	13601BALLYDIN	0.1	0.0	114.5	0.550379	57.445	999	0.008731344	10
trf_1361_13601_2	1361BDN	13601BALLYDIN	0.1	0.0	114.5	0.550379	57.445	999	0.008731344	10
trf_1361_13604_1	1361BDN	13604BALLYDIN	0.1	0.0	37.0	0.5248114	74.9857	999	0.0270168774	10
trf_1461_14604_1	1461BAR	14604BARRYMOR	0.1	0.0	44.5	0.5472486	71.745	999	0.0224655691	10
trf_1481_14804_1	1481BUT	14804BUTLERST	0.1	0.0	50.6	0.5716899	69.49	999	0.0197718629	10
trf_1481_14804_2	1481BUT	14804BUTLERST	0.1	0.0	50.4	0.5729382	69.38	999	0.0198582972	10
trf_1721_17204_1	1721CAH	17204CAHIR	0.1	1.7	40.2	0.5248114	75.11475	0.5903187721	0.024870472	10
trf_1721_17204_2	1721CAH	17204CAHIR	0.1	1.7	40.2	0.5248114	75.11475	0.5903187721	0.024870472	10
trf_2002_2001_1	2002CUL	2001CUL	0.1	0.1	12.4	0.006560798	165	10.3305785124	0.0807075816	10
trf_2141_21404_1	2141DGN	21404DUNGARVA	0.1	0.0	48.4	0.5248114	75.216	999	0.020661157	10
trf_2141_21404_2	2141DGN	21404DUNGARVA	0.1	0.0	48.4	0.5248114	74.93725	999	0.020661157	10
trf_2161_21604_1	2161DOO	21604DOON	0.1	0.0	40.8	0.5716899	69.49	999	0.02451711	10
trf_2241_22404_1	2241DAL	22404DALLOW	0.1	1.3	47.1	0.5248114	74	0.7452175663	0.0212454111	10
trf_3101_31004_1	3101IKE	31004IKERRIN	0.1	1.7	40.7	0.5248114	75.672	0.5903187721	0.0245965789	10
trf_3401_34001_1	3401KTN	34001KILLOTER	0.1	2.2	111.1	0.5476691	57.7045	0.4500021801	0.0090000436	10
trf_3401_34001_2	3401KTN	34001KILLOTER	0.1	2.2	111.1	0.5476691	57.7045	0.4500021801	0.0090000436	10
trf_4941_49474_4	4941SH	49474WOP_G4	0.1	0.0	10.6	0.466499	67.625	999	0.0939560565	10
trf_4942_4941_1	4942SH	4941SH	0.1	2.2	47.9	0.003280399	165	0.4499380885	0.0208783419	10
trf_4942_4941_2	4942SH	4941SH	0.1	0.5	47.9	0.003280399	165	1.9714844489	0.0208782406	10
trf_5301_53004_1	5301THU	53004THURLES	0.1	0.0	42.5	0.5600975	70.535	999	0.0235329004	10
trf_5301_53004_2	5301THU	53004THURLES	0.1	0.0	42.5	0.5600975	70.535	999	0.0235329004	10
trf_5381_53804_1	5381TIP	53804TIPPERAR	0.1	1.5	40.0	0.5667509	69.93	0.6884376614	0.0249692287	10
trf_5441_54404_1	5441WAT	54404WATERFOR	0.1	1.7	40.7	0.5248114	75.11475	0.5903187721	0.0245965789	10
trf_5441_54404_2	5441WAT	54404WATERFOR	0.1	1.7	40.7	0.5248114	75.11475	0.5903187721	0.0245965789	10
trf_1121_11204_1	1121ARK	11204ARKLOW	0.1	0.0	45.8	0.5395559	72.497	999	0.0218384173	10
trf_1121_11204_2	1121ARK	11204ARKLOW	0.1	0.0	45.8	0.5395559	72.497	999	0.0218384173	10
trf_1122_1121_1	1122ARK	1121ARK	0.1	5.4	138.3	0.001653321	165	0.1859504132	0.0072313849	10
trf_1122_1121_2	1122ARK	1121ARK	0.1	0.8	46.8	0.003330355	163.35	1.2581367286	0.0213588546	10
trf_12302_12371_1	12302BALLYWAT	12371BALLYWAT	0.1	0.1	0.5	2.886463	10.2	15.1515151515	2.0833350694	10
trf_1231_12302_1	1231BWR	12302BALLYWAT	0.1	1.4	49.4	0.003449515	68.58	0.7285196562	0.0202366651	10
trf_1301_13001_1	1301BEG	13001BALLYBEG	0.1	0.0	58.1	0.5333449	59.12	999	0.0172084897	10
trf_1301_13001_2	1301BEG	13001BALLYBEG	0.1	0.0	58.1	0.5333202	59.1225	999	0.0172069	10
trf_13302_13371_1	13302BALLYCAD	13371BALLYCAD	0.1	0.0	1.6	2.886463	10.345	999	0.625	10
trf_13302_13372_1	13302BALLYCAD	13372KNOCKNAL	0.1	0.0	5.0	2.886463	10.345	999	0.1984126984	10
trf_1331_13302_1	1331BCD	13302BALLYCAD	0.1	0.0	61.0	0.002560312	66.375	999	0.0163879889	10
trf_1541_15402_1	1541BOG	15402BANOGE	0.1	3.1	122.3	0.5475964	62.7115	0.3211153954	0.0081796626	10
trf_1541_15402_2	1541BOG	15402BANOGE	0.1	3.1	122.3	0.5475964	62.7115	0.3211153954	0.0081796626	10
trf_1841_18402_2	1841CRA	18402CRANE	0.1	0.0	58.7	0.5326068	64.195	999	0.0170236061	10
trf_1841_18404_1	1841CRA	18404CRANE	0.1	0.0	44.5	0.5472486	71.745	999	0.0224655691	10
trf_1901_19004_1	1901CLW	19004CARLOW	0.1	1.7	40.7	0.5248114	75.672	0.5903187721	0.0245965789	10
trf_1901_19004_2	1901CLW	19004CARLOW	0.1	1.7	40.7	0.5248114	75.672	0.5903187721	0.0245965789	10
trf_2031_20301_1	2031CLD	20301CHARLESL	0.1	0.0	120.6	0.5512724	57.36	999	0.0082898763	10
trf_2031_20301_2	2031CLD	20301CHARLESL	0.1	0.0	120.6	0.5512724	57.36	999	0.0082898763	10
trf_2741_27404_1	2741GI	27404GREATIS	0.1	0.0	48.4	0.5248114	75.24355	999	0.020661157	10
trf_2741_27471_1	2741GI	27471GISLG1	0.1	0.4	17.6	0.5236926	60.3675	2.3512182432	0.0566754489	10
trf_2741_27472_1	2741GI	27472GISLG2	0.1	0.4	17.9	0.5236926	60.3675	2.3512182432	0.0560193808	10
trf_2742_2741_1	2742GI	2741GI	0.1	1.0	51.5	0.003280399	165	0.993324857	0.0194037622	10
trf_2742_2741_2	2742GI	2741GI	0.1	0.9	47.9	0.003280399	165	1.1228889687	0.0208782575	10
trf_2742_27473_1	2742GI	27473GISLG3	0.1	1.0	48.6	0.2599234	117.9505	1.013605542	0.0205808253	10
trf_3261_32604_1	3261KKY	32604KILKENNY	0.1	0.0	28.9	0.6169389	65.78685	999	0.0346081557	10
trf_3261_32604_2	3261KKY	32604KILKENNY	0.1	0.0	28.9	0.6169389	65.78685	999	0.0346081557	10
trf_3342_3341_1	3342KLS	3341KLS	0.1	0.5	45.6	0.003387792	161.513	2.0541961895	0.0219202055	10
trf_3342_3341_2	3342KLS	3341KLS	0.1	0.3	45.6	0.003387792	161.513	3.3894186573	0.0219202579	10
trf_3441_34404_1	3441KMY	34404KILMURRY	0.1	0.0	42.5	0.5600975	70.535	999	0.0235329004	10
trf_3642_3641_1	3642LWD	3641LWD	0.1	0.2	12.4	0.006560798	165	5.1652892562	0.080707405	10
trf_4441_44471_3	4441PA	44471POLLG1_4	0.1	0.0	158.7	0.001714557	64.1785	999	0.0062993725	10
trf_4901_49001_1	4901SHE	49001SHELTON	0.1	0.0	48.4	0.5248114	58	999	0.020661157	10
trf_4911_49001_2	4911SHE	49001SHELTON	0.1	0.0	48.4	0.5248114	58	999	0.020661157	10
trf_5061_50604_1	5061STR	50604STRATFOR	0.1	1.5	42.2	0.5520421	71.287	0.6531674347	0.0236899983	10
trf_5501_55002_2	5501WEX	55002WEXFORD	0.1	2.2	120.7	0.5511882	62.368	0.4558039003	0.0082873587	10
trf_5501_55004_1	5501WEX	55004WEXFORD	0.1	1.1	35.9	0.5602497	70.521	0.8969787239	0.0278647319	10
trf_5501_55004_2	5501WEX	55004WEXFORD	0.1	1.1	35.9	0.5602497	70.521	0.8969787239	0.0278647319	10
trf_1081_10801_1	1081AHA	10801AHANE	0.1	0.0	47.3	0.5311514	59.8435	999	0.0211633691	10
trf_11302_11371_1	11302ATHEA	11371ATHEA	0.1	0.0	0.5	2.886463	10.5	999	1.9083969466	10
trf_1131_11302_1	1131ATE	11302ATHEA	0.1	1.4	52.8	0.002945915	68.795	0.7232013352	0.0189485314	10
trf_1241_12402_1	1241BCM	12402BALLYCUM	0.1	2.2	120.7	0.5511882	62.368	0.4558039003	0.0082873587	10
trf_1241_12402_2	1241BCM	12402BALLYCUM	0.1	2.2	120.7	0.5511882	62.368	0.4558039003	0.0082873587	10
trf_16502_16571_1	16502CLAHANE	16571CLAHANE	0.1	0.0	0.5	2.886463	10.345	999	2.1739130435	10
trf_1651_16502_1	1651CLH	16502CLAHANE	0.1	0.0	101.4	0.002209436	68.795	999	0.0098618364	10
trf_17703_17771_1	17703COOMACHE	17771COOMACHE	0.1	0.0	0.5	2.886463	10.33	999	1.8248175182	10
trf_1771_17702_1	1771CHO	17702COOMACHE	0.1	0.0	74.2	0.002415954	69.7435	999	0.0134696199	10
trf_1781_17802_1	1781CFM	17802CASTLEFA	0.1	0.0	32.7	0.5248114	65	999	0.0306091215	10
trf_1791_17802_2	1791CFM	17802CASTLEFA	0.1	0.0	32.7	0.5248114	65	999	0.0306091215	10
trf_19702_19771_1	19702COOMAGEA	19771COOMAGEA	0.1	0.0	0.6	2.886463	10.345	999	1.7730496454	10
trf_1971_19702_1	1971CGL	19702COOMAGEA	0.1	1.4	52.8	0.003075947	69.125	0.7266856114	0.0189304496	10
trf_27302_27371_1	27302GLANLEE	27371GLANLEE	0.1	0.0	1.6	2.886463	10.345	999	0.625	10
trf_27302_27372_1	27302GLANLEE	27372GLANLEE	0.1	0.0	1.6	2.886463	10.345	999	0.625	10
trf_2731_27302_1	2731GAE	27302GLANLEE	0.1	20.3	205.2	0.00154084	69.015	0.0491550235	0.0048731431	10
trf_3282_3281_1	3282KLN	3281KLN	0.1	4.6	173.5	0.001707976	161.48	0.2175380752	0.0057643616	10
trf_3282_3281_2	3282KLN	3281KLN	0.1	6.7	174.9	0.001707976	161.48	0.1488415342	0.0057177205	10
trf_3282_3281_4	3282KLN	3281KLN	0.1	0.4	47.2	0.003253288	161.48	2.6043027039	0.0211731249	10
trf_3301_33004_1	3301KER	33004KNOCKERA	0.1	0.0	46.4	0.5360688	72.845	999	0.0215570463	10
trf_3301_33004_2	3301KER	33004KNOCKERA	0.1	0.0	46.4	0.5360688	72.845	999	0.0215570463	10
trf_3541_35404_1	3541LIM	35404LIMERICK	0.1	0.6	33.1	0.5817276	68.6188	1.6377809125	0.0301760614	10
trf_3541_35404_2	3541LIM	35404LIMERICK	0.1	0.6	34.7	0.5688508	69.742	1.5660771653	0.0288549222	10
trf_3954_3942_2	3954MP	3942MP	0.1	0.1	9.0	0.007775552	295.63	18.3209712584	0.1113736855	10
trf_3954_39472_1	3954MP	39472MNYPG2-P	0.1	1.0	86.8	0.1413201	212.75	1.0513347575	0.0115242508	10
trf_3981_39801_1	3981MUN	39801MUNGRET	0.1	0.0	46.9	0.533138	57.141	999	0.021321977	10
trf_3991_39801_2	3991MUN	39801MUNGRET	0.1	0.0	46.9	0.533138	57.141	999	0.021321977	10
trf_4261_42604_1	4261NEN	42604NENAGH	0.1	0.0	40.6	0.5729382	69.38	999	0.0246242885	10
trf_4361_43604_1	4361OUG	43604OUGHTRAG	0.1	0.0	42.5	0.5600975	70.535	999	0.0235329004	10
trf_4681_46804_1	4681RAT	46804RATHKEAL	0.1	2.4	48.4	0.5248114	74.5628	0.4132231405	0.0206611415	10
trf_4681_46804_2	4681RAT	46804RATHKEAL	0.1	2.4	48.4	0.5248114	74.5628	0.4132231405	0.0206611415	10
trf_5051_50574_2	5051SK	50574SEALROC	0.1	0.1	18.8	0.4645058	67.8905	13.7750335081	0.0530677085	10
trf_5071_50573_1	5071SK	50573SEALROC	0.1	0.1	18.8	0.4645058	67.8905	12.4505110554	0.0530677955	10
trf_5141_51471_1	5141TB	51471TARBG1	0.1	0.5	20.3	0.4881966	64.375	2.0432883405	0.0493208211	10
trf_5141_51472_1	5141TB	51472TARBG2	0.1	0.5	20.3	0.4881966	64.375	2.0432883405	0.0493208211	10
trf_5142_5141_1	5142TB	5141TB	0.1	0.2	11.3	0.00624588	165	4.9670256282	0.0887609593	10
trf_5142_5141_2	5142TB	5141TB	0.1	0.2	11.3	0.00624588	165	4.9670256282	0.0887609593	10
trf_5142_51473_1	5142TB	51473TARBG3	0.1	0.5	28.0	0.2440983	128.25	1.9647003275	0.0357575317	10
trf_5142_51474_1	5142TB	51474TARBG4	0.1	0.5	28.0	0.2440983	128.25	1.9224487075	0.0357575817	10
trf_5144_5142_1	5144TB	5142TB	0.1	0.1	7.8	0.007596714	300	11.5597378584	0.1284418176	10
trf_5261_52604_1	5261TRI	52604TRIEN	0.1	0.0	44.6	0.5330642	73.1485	999	0.0224379694	10
trf_5261_52604_2	5261TRI	52604TRIEN	0.1	0.0	44.6	0.5330642	73.1485	999	0.0224379694	10
trf_5281_52804_1	5281TRL	52804TRALEE	0.1	1.2	39.2	0.5361136	72.8405	0.8213580932	0.0255155696	10
trf_5281_52804_2	5281TRL	52804TRALEE	0.1	1.2	39.2	0.5361136	72.8405	0.8213580932	0.0255155696	10
trf_5494_5492_1	5494WMD	5492WMD	0.1	0.1	7.8	0.007596714	300	11.5597378584	0.1284418176	10
trf_1221_12202_1	1221ATY	12202ATHY	0.1	1.9	106.0	0.5881492	59.07705	0.5189829781	0.0094360713	10
trf_1321_13204_1	1321BLK	13204BLAKE	0.1	0.0	40.8	0.5716899	69.49	999	0.02451711	10
trf_1351_13501_1	1351BDA	13501BARODA	0.1	0.5	17.0	0.5411543	58.339	1.8696159834	0.0589745035	10
trf_1351_13501_2	1351BDA	13501BARODA	0.1	0.5	17.0	0.5411543	58.339	1.8696159834	0.0589745035	10
trf_1941_19471_1	1941CUS	19471CUSHALIN	0.1	0.2	15.4	0.4646217	67.625	4.0379620181	0.0647755248	10
trf_2261_22671_1	2261DER	22671DERRYIRO	0.1	1.2	62.7	0.002822677	61.4985	0.8691821582	0.0159366233	10
trf_2261_22672_2	2261DER	22672DERRYIRO	0.1	1.4	74.3	0.002398333	61.8215	0.7342982171	0.013463431	10
trf_2301_23001_1	2301DFR	23001DUNFIRTH	0.1	0.0	72.6	0.5248114	60	999	0.0137741047	10
trf_3241_32404_1	3241KTL	32404KILTEEL	0.1	0.0	41.8	0.5649207	70.095	999	0.0239399484	10
trf_3241_32404_2	3241KTL	32404KILTEEL	0.1	1.1	35.3	0.5649706	70.0905	0.9121586979	0.0283362993	10
trf_3381_33801_1	3381KIN	33801KINNEGAD	0.1	0.0	98.5	0.5330642	57.1485	999	0.01015051	10
trf_3381_33801_2	3381KIN	33801KINNEGAD	0.1	0.0	98.5	0.5330642	57.1485	999	0.01015051	10
trf_4081_40801_1	4081MON	40801MONREAD	0.1	2.3	57.2	0.5398335	58.4695	0.437217732	0.0174887023	10
trf_4201_42004_1	4201NEW	42004NEWBRIDG	0.1	0.0	42.5	0.5600975	70.535	999	0.0235329004	10
trf_4201_42004_2	4201NEW	42004NEWBRIDG	0.1	0.0	42.5	0.5600975	70.535	999	0.0235329004	10
trf_4481_44804_1	4481PLS	44804PORTLAOI	0.1	0.0	44.4	0.5478198	71.69	999	0.0225124945	10
trf_4481_44804_2	4481PLS	44804PORTLAOI	0.1	0.0	44.4	0.5478198	71.69	999	0.0225124945	10
trf_5321_53204_1	5321TSB	53204THORNSBE	0.1	0.8	39.4	0.5482048	71.653	1.2882368761	0.0254018539	10
trf_5321_53204_2	5321TSB	53204THORNSBE	0.1	0.8	39.4	0.5482048	71.653	1.2882368761	0.0254018539	10
trf_1061_10602_1	1061ARI	10602ARIGNA	0.1	0.0	84.7	0.5248114	65	999	0.0118063754	10
trf_1141_11404_1	1141ATH	11404ATHLONE	0.1	1.7	40.7	0.5248114	74.55725	0.5903187721	0.0245965789	10
trf_1141_11404_2	1141ATH	11404ATHLONE	0.1	1.7	40.7	0.5248114	74.55725	0.5903187721	0.0245965789	10
trf_1341_13404_1	1341BIN	13404BINBANE	0.1	0.0	42.4	0.5320472	73.252	999	0.0235942405	10
trf_1341_13404_2	1341BIN	13404BINBANE	0.1	0.0	41.7	0.5361086	72.841	999	0.0239558328	10
trf_1401_14002_2	1401BK	14002BELLACOR	0.1	0.0	126.0	0.5248114	65	999	0.0079389652	10
trf_1571_15704_1	1571BUN	15704BUNBEG	0.1	0.0	44.4	0.5478198	71.69	999	0.0225124945	10
trf_1631_16302_1	1631CDY	16302CORDERRY	0.1	0.0	698.8	0.001049728	65	999	0.0014310758	10
trf_1631_16302_2	1631CDY	16302CORDERRY	0.1	0.0	698.8	0.001049728	65	999	0.0014310758	10
trf_16361_16371_1	16361CORDERRY	16371CORDERRY	0.1	0.6	6.3	2.886463	10.345	1.5842839037	0.1584283904	10
trf_16362_16372_1	16362CORDERRY	16372CORDERRY	0.1	0.6	6.3	2.886463	10.345	1.5842839037	0.1584283904	10
trf_16362_16373_1	16362CORDERRY	16373CORDERRY	0.1	0.3	3.2	2.886463	10.345	3.125	0.3168569414	10
trf_16364_16374_1	16364CORDERRY	16374CORDERRY	0.1	0.3	2.7	2.886463	10.345	3.7878787879	0.3753755445	10
trf_16365_16375_1	16365CORDERRY	16375CORDERRY	0.1	0.5	4.8	2.886463	10.345	2.0833333333	0.2083324653	10
trf_16366_16376_1	16366CORDERRY	16376CORDERRY	0.1	0.4	4.0	2.886463	10.345	2.5	0.24999925	10
trf_1642_16411_4	1642CSH	16411CASHLA	0.1	0.6	36.8	0.004592559	165	1.7217630854	0.0271449135	10
trf_1642_1641_1	1642CSH	1641CSH	0.1	0.1	12.8	0.00624588	165	12.2933884298	0.0779295622	10
trf_1642_1641_2	1642CSH	1641CSH	0.1	0.1	12.2	0.006560798	165	12.9132231405	0.0818588616	10
trf_1661_16604_1	1661CBR	16604CASTLEBA	0.1	0.0	44.4	0.5478198	71.69	999	0.0225124945	10
trf_1661_16604_2	1661CBR	16604CASTLEBA	0.1	0.0	44.5	0.5474353	71.727	999	0.0224809103	10
trf_1701_17004_1	1701CF	17004CATH_FAL	0.1	1.7	40.7	0.5248114	74	0.5903187721	0.0245965789	10
trf_1701_17073_1	1701CF	17073CATHG3	0.1	2.7	42.1	0.5125111	61.57	0.3735358256	0.0237397626	10
trf_1701_17074_1	1701CF	17074CATHG4	0.1	2.8	44.5	0.5000585	62.9725	0.3556045331	0.0224580864	10
trf_1761_17671_1	1761CL	17671CLIFG1	0.1	6.7	87.8	0.5005615	62.9145	0.1484081536	0.0113914587	10
trf_1761_17672_1	1761CL	17672CLIFG2	0.1	6.7	88.1	0.4995565	63.0305	0.149107919	0.0113457554	10
trf_1821_18204_1	1821CLN	18204CLOON	0.1	0.0	48.4	0.5248114	74	999	0.020661157	10
trf_1831_18304_1	1831CAM	18304CAMUS	0.1	0.0	153.7	0.001653321	74	999	0.0065082645	10
trf_1861_18604_1	1861COS	18604CARICKON	0.1	0.0	48.4	0.5248114	74	999	0.020661157	10
trf_1861_18604_2	1861COS	18604CARICKON	0.1	0.0	48.4	0.5248114	74	999	0.020661157	10
trf_1931_19302_1	1931CUN	19302CUNGHILL	0.1	0.0	169.3	0.001536856	69.168	999	0.0059056491	10
trf_19402_19371_1	19402CUNGHILL	19371CUNGHILL	0.1	0.0	0.9	2.886463	10.33	999	1.0729613734	10
trf_2281_22804_2	2281DLT	22804DALTON	0.1	0.0	48.4	0.5248114	74	999	0.020661157	10
trf_2522_2521_1	2522FLA	2521FLA	0.1	1.0	49.6	0.003280399	165	0.9565350474	0.0201768639	10
trf_2522_2521_2	2522FLA	2521FLA	0.1	0.3	51.5	0.003280399	165	3.2283057851	0.0194037913	10
trf_2681_26802_1	2681GIL	26802GILRA	0.1	0.0	45.4	0.5070642	66.925	999	0.0220427556	10
trf_2781_27801_1	2781GAL	27801GALWAY	0.1	2.2	54.4	0.5511882	57.368	0.4558039003	0.0183791932	10
trf_2781_27801_2	2781GAL	27801GALWAY	0.1	2.2	109.7	0.5511882	57.368	0.4558039003	0.009116078	10
trf_2781_27804_1	2781GAL	27804GALWAY	0.1	0.0	37.8	0.5594625	70.5935	999	0.0264558473	10
trf_2781_27804_2	2781GAL	27804GALWAY	0.1	0.0	38.2	0.5566089	70.858	999	0.0261866612	10
trf_2781_27805_3	2781GAL	27805GALWAY	0.1	1.3	40.9	0.5248114	74	0.7870916962	0.0244510806	10
trf_2801_28002_1	2801GOL	28002GOLAGH	0.1	0.0	79.3	0.5095256	67.65	999	0.012613421	10
trf_2821_28201_1	2821GWE	28201GORTAWEE	0.1	0.0	122.1	0.5330642	59.6485	999	0.0081906132	10
trf_2821_28201_2	2821GWE	28201GORTAWEE	0.1	0.0	122.1	0.5330642	59.6485	999	0.0081906132	10
trf_2821_28204_1	2821GWE	28204GORTAWEE	0.1	1.3	47.1	0.5248114	74	0.7513148009	0.021245433	10
trf_3361_33601_1	3361KTY	33601KILTOY	0.1	0.0	74.3	0.5248114	60.5	999	0.0134600371	10
trf_3361_33601_2	3361KTY	33601KILTOY	0.1	0.0	74.3	0.5248114	60.5	999	0.0134600371	10
trf_3361_33601_4	3361KTY	33601KILTOY	0.1	0.0	74.3	0.5248114	60.5	999	0.0134600371	10
trf_3501_35004_1	3501LA	35004LANESBOR	0.1	0.0	48.4	0.5248114	73.5854	999	0.020661157	10
trf_3501_35074_1	3501LA	35074LRP_G4	0.1	0.4	15.0	0.4661637	67.6695	2.6082253912	0.0665363552	10
trf_3581_35804_1	3581LET	35804LETTERKE	0.1	0.8	40.1	0.5361335	72.8385	1.2465945163	0.0249318687	10
trf_3581_35804_2	3581LET	35804LETTERKE	0.1	0.8	40.1	0.5364275	72.809	1.2483298157	0.0249665747	10
trf_4001_40001_1	4001MUL	40001MULLINGA	0.1	11.4	629.0	0.001079775	58.4695	0.0874435464	0.0015898856	10
trf_4001_40001_2	4001MUL	40001MULLINGA	0.1	11.4	629.0	0.001079775	58.4695	0.0874435464	0.0015898856	10
trf_4001_40004_1	4001MUL	40004MULLINGA	0.1	0.0	44.4	0.5478198	71.69	999	0.0225124945	10
trf_4001_40004_2	4001MUL	40004MULLINGA	0.1	0.0	44.4	0.5478198	71.69	999	0.0225124945	10
trf_4041_40404_1	4041MOY	40404MOY	0.1	0.0	48.4	0.5248114	74	999	0.020661157	10
trf_4041_40404_2	4041MOY	40404MOY	0.1	0.0	39.9	0.5248114	74	999	0.0250438267	10
trf_4071_40761_1	4071MEE	40761MEENTYCA	0.1	0.8	37.8	0.004316638	68.85	1.2963840123	0.0264678403	10
trf_40761_40771_1	40761MEENTYCA	40771MEENTYCA	0.1	0.1	0.4	2.886463	10.345	19.2307692308	2.5000115001	10
trf_40761_40772_2	40761MEENTYCA	40772MEENTYCA	0.1	0.3	1.0	2.886463	10.345	3.6689169357	0.9615373521	10
trf_40761_40773_3	40761MEENTYCA	40773MEENTYCA	0.1	0.0	1.6	2.886463	10.345	999	0.625	10
trf_4701_47004_1	4701RIC	47004RICHMOND	0.1	0.0	48.4	0.5248114	74	999	0.020661157	10
trf_4711_47004_2	4711RIC	47004RICHMOND	0.1	0.0	48.4	0.5248114	74	999	0.020661157	10
trf_4981_49804_1	4981SLI	49804SLIGO	0.1	0.6	39.7	0.5361086	72.841	1.5400178214	0.0252166513	10
trf_4981_49804_2	4981SLI	49804SLIGO	0.1	0.6	39.7	0.5361086	72.841	1.5400178214	0.0252166513	10
trf_49902_49971_1	49902SORNEHI	49971SORNEHI	0.1	0.1	0.7	2.886463	10.2	11.3636363636	1.4970050916	10
trf_4991_49902_1	4991SOR	49902SORNEHI	0.1	3.8	113.2	0.001965531	68.7475	0.2634077417	0.0088337801	10
trf_4991_49903_1	4991SOR	49903GLACKMOR	0.1	0.0	321.5	0.001018192	66.7035	999	0.0031101424	10
trf_5001_50004_1	5001SOM	50004SOMERSET	0.1	0.0	46.4	0.5360688	72.845	999	0.0215570463	10
trf_5042_5041_1	5042SRA	5041SRA	0.1	0.2	12.4	0.006560798	165	5.1652892562	0.080707405	10
trf_5251_52476_2	5251TAW	52476TAW_PEAK	0.1	0.0	59.1	0.5005701	62.9135	999	0.0169338239	10
trf_5341_53404_2	5341TON	53404TONROE	0.1	0.0	42.6	0.5360688	72.845	999	0.0234954183	10
trf_5361_53604_1	5361TLK	53604TRILLICK	0.1	0.8	40.6	0.5360688	72.845	1.2318312179	0.0246366244	10
